일 구분,channel,비용_예측,노출_예측,클릭_예측,전환수_예측,전환값_예측,type,model
2025-06-02,메타_전환,1261485.0,70780,962,76.0,2334300.0,actual,actual
2025-06-03,메타_전환,1334454.0,79641,1286,84.0,2452300.0,actual,actual
2025-06-04,메타_전환,1105316.0,70203,951,76.0,2112600.0,actual,actual
2025-06-05,메타_전환,1040709.0,53645,903,67.0,1944800.0,actual,actual
2025-06-06,메타_전환,993433.0,61083,919,52.0,1640900.0,actual,actual
2025-06-07,메타_전환,927274.0,63078,871,33.0,898100.0,actual,actual
2025-06-08,메타_전환,955894.0,68045,854,52.0,1514200.0,actual,actual
2025-06-09,메타_전환,834922.0,59891,762,39.0,1081400.0,actual,actual
2025-06-10,메타_전환,867822.0,55975,811,45.0,1318400.0,actual,actual
2025-06-11,메타_전환,830498.0,50083,751,39.0,1198400.0,actual,actual
2025-06-12,메타_전환,801494.0,47282,652,39.0,1241740.0,actual,actual
2025-06-13,메타_전환,821216.0,46456,645,36.0,1198906.0,actual,actual
2025-06-14,메타_전환,890331.0,56799,823,61.0,2044200.0,actual,actual
2025-06-15,메타_전환,919224.0,54195,875,51.0,1496900.0,actual,actual
2025-06-16,메타_전환,870513.0,48709,953,54.0,1457300.0,actual,actual
2025-06-17,메타_전환,825892.0,50244,998,57.0,1799800.0,actual,actual
2025-06-18,메타_전환,791129.0,47567,790,52.0,1677200.0,actual,actual
2025-06-19,메타_전환,827755.0,50010,888,55.0,1591100.0,actual,actual
2025-06-20,메타_전환,812181.0,49758,803,54.0,1487600.0,actual,actual
2025-06-21,메타_전환,903256.0,58607,885,59.0,1803960.0,actual,actual
2025-06-22,메타_전환,900434.0,59877,1007,50.0,1389800.0,actual,actual
2025-06-23,메타_전환,859356.0,47637,829,63.0,2108900.0,actual,actual
2025-06-24,메타_전환,927959.0,51865,746,47.0,1366800.0,actual,actual
2025-06-25,메타_전환,772059.0,41826,752,67.0,2235500.0,actual,actual
2025-06-26,메타_전환,788539.0,42673,728,52.0,1562820.0,actual,actual
2025-06-27,메타_전환,818701.0,42196,767,60.0,1934500.0,actual,actual
2025-06-28,메타_전환,845124.0,45339,821,52.0,1489000.0,actual,actual
2025-06-29,메타_전환,931325.0,52622,978,61.0,2119700.0,actual,actual
2025-06-30,메타_전환,871676.0,48175,851,54.0,1676200.0,actual,actual
2025-07-01,메타_전환,915356.0,51661,868,71.0,2141400.0,actual,actual
2025-07-02,메타_전환,957471.0,62230,1003,64.0,1858900.0,actual,actual
2025-07-03,메타_전환,1045227.0,66979,1082,62.0,1941100.0,actual,actual
2025-07-04,메타_전환,1118865.0,78675,1327,77.0,2281900.0,actual,actual
2025-07-05,메타_전환,1228128.0,93722,1609,92.0,2598799.0,actual,actual
2025-07-06,메타_전환,1323900.0,99790,1705,111.0,3734052.0,actual,actual
2025-07-07,메타_전환,1088792.0,77825,1370,95.0,2941764.0,actual,actual
2025-07-08,메타_전환,1059913.0,73173,1243,72.0,2217419.0,actual,actual
2025-07-09,메타_전환,1105953.0,74775,1264,78.0,2594793.0,actual,actual
2025-07-10,메타_전환,1141659.0,78131,1338,94.0,2950830.0,actual,actual
2025-07-11,메타_전환,1125980.0,78303,1291,71.0,2588549.0,actual,actual
2025-07-12,메타_전환,1269148.0,90529,1518,79.0,2607872.0,actual,actual
2025-07-13,메타_전환,1242172.0,91871,1512,72.0,2348385.0,actual,actual
2025-07-14,메타_전환,1148242.0,78036,1295,87.0,3064508.0,actual,actual
2025-07-15,메타_전환,1250104.0,76006,1408,89.0,3024117.0,actual,actual
2025-07-16,메타_전환,1059775.0,65805,1295,82.0,2639700.0,actual,actual
2025-07-17,메타_전환,1072902.0,70752,1451,89.0,2847820.0,actual,actual
2025-07-18,메타_전환,1078781.0,70220,1392,81.0,2804289.0,actual,actual
2025-07-19,메타_전환,1196902.0,84254,1740,91.0,2865700.0,actual,actual
2025-07-20,메타_전환,1204167.0,94378,1826,97.0,3014700.0,actual,actual
2025-07-21,메타_전환,1123595.0,77375,1530,82.0,2560900.0,actual,actual
2025-07-22,메타_전환,1155700.0,74115,1536,104.0,3174431.0,actual,actual
2025-07-23,메타_전환,1060302.0,70058,1397,93.0,2981250.0,actual,actual
2025-07-24,메타_전환,1085152.0,79876,1374,81.0,2473600.0,actual,actual
2025-07-25,메타_전환,1174574.0,78476,1543,87.0,2934780.0,actual,actual
2025-07-26,메타_전환,1249767.0,90863,1693,76.0,2494460.0,actual,actual
2025-07-27,메타_전환,1244873.0,96124,1795,94.0,3051900.0,actual,actual
2025-07-28,메타_전환,1112737.0,80744,1497,93.0,2766200.0,actual,actual
2025-07-29,메타_전환,1121462.0,75198,1484,75.0,2366670.0,actual,actual
2025-07-30,메타_전환,1233374.0,88144,1703,68.0,2335890.0,actual,actual
2025-07-31,메타_전환,1335599.0,102957,1982,94.0,2907700.0,actual,actual
2025-08-01,메타_전환,1350949.0,108091,1927,88.0,2699860.0,actual,actual
2025-08-02,메타_전환,1381836.0,102360,2018,96.0,3066600.0,actual,actual
2025-08-03,메타_전환,1394598.0,115341,2121,109.0,3159820.0,actual,actual
2025-08-04,메타_전환,1312421.0,90829,1776,93.0,2876654.0,actual,actual
2025-08-05,메타_전환,1309360.0,88856,1870,86.0,2983378.0,actual,actual
2025-08-06,메타_전환,84993.0,4872,134,18.0,545000.0,actual,actual
2025-08-07,메타_전환,2088622.0,167773,2611,88.0,2597600.0,actual,actual
2025-08-08,메타_전환,1679613.0,119653,2232,105.0,3257953.0,actual,actual
2025-08-09,메타_전환,1319592.0,95040,1848,93.0,2818424.0,actual,actual
2025-08-10,메타_전환,1214510.0,88581,1501,85.0,2754502.0,actual,actual
2025-08-11,메타_전환,1181358.0,84087,1581,87.0,2712112.0,actual,actual
2025-08-12,메타_전환,1198886.0,85486,1546,76.0,2472099.0,actual,actual
2025-08-13,메타_전환,1163025.0,80522,1431,81.0,2498916.0,actual,actual
2025-08-14,메타_전환,1120177.0,72789,1603,89.0,2584761.0,actual,actual
2025-08-15,메타_전환,1159504.0,86714,1671,73.0,2263079.0,actual,actual
2025-08-16,메타_전환,1155268.0,89369,1457,68.0,2222220.0,actual,actual
2025-08-17,메타_전환,1250080.0,97870,1543,76.0,2317726.0,actual,actual
2025-08-18,메타_전환,1150762.0,80355,1252,67.0,2269735.0,actual,actual
2025-08-19,메타_전환,1116717.0,70922,1293,82.0,2656420.0,actual,actual
2025-08-20,메타_전환,1095419.0,67677,1298,61.0,1967600.0,actual,actual
2025-08-21,메타_전환,1036014.0,65754,1219,62.0,1903600.0,actual,actual
2025-08-22,메타_전환,1070303.0,69905,1335,64.0,2022200.0,actual,actual
2025-08-23,메타_전환,1137504.0,74271,1432,57.0,1765500.0,actual,actual
2025-08-24,메타_전환,1136326.0,77977,1351,67.0,2093700.0,actual,actual
2025-08-25,메타_전환,1126782.0,65833,1339,77.0,2403000.0,actual,actual
2025-08-26,메타_전환,1211922.0,63392,1299,76.0,2357100.0,actual,actual
2025-08-27,메타_전환,1102708.0,65759,1222,63.0,2135700.0,actual,actual
2025-08-28,메타_전환,1122600.0,64652,1155,65.0,1908700.0,actual,actual
2025-08-29,메타_전환,1092174.0,47535,983,75.0,2483700.0,actual,actual
2025-08-30,메타_전환,1192976.0,55565,1023,65.0,2106300.0,actual,actual
2025-08-31,메타_전환,1230244.0,61057,1231,55.0,1769900.0,actual,actual
2025-09-01,메타_전환,1117275.0,56268,1014,59.0,1939400.0,actual,actual
2025-09-02,메타_전환,1153904.0,58460,995,61.0,1916800.0,actual,actual
2025-09-03,메타_전환,1152004.0,63465,966,73.0,2433820.0,actual,actual
2025-09-04,메타_전환,1156041.0,50116,960,71.0,2551099.0,actual,actual
2025-09-05,메타_전환,1184254.0,66601,1127,53.0,1898700.0,actual,actual
2025-09-06,메타_전환,1262807.0,73712,1263,65.0,2130620.0,actual,actual
2025-09-07,메타_전환,1307858.0,71428,1221,65.0,2065040.0,actual,actual
2025-09-08,메타_전환,1060061.0,56814,1065,54.0,1740100.0,actual,actual
2025-09-09,메타_전환,1073408.0,59669,1184,56.0,1836100.0,actual,actual
2025-09-10,메타_전환,954012.0,49289,1012,58.0,1961640.0,actual,actual
2025-09-11,메타_전환,996494.0,53553,978,52.0,1873840.0,actual,actual
2025-09-12,메타_전환,1018235.0,51541,1001,64.0,2019100.0,actual,actual
2025-09-13,메타_전환,1077221.0,59592,1087,42.0,1460400.0,actual,actual
2025-09-14,메타_전환,1132109.0,51882,1069,46.0,1667800.0,actual,actual
2025-09-15,메타_전환,998966.0,47810,860,48.0,1453400.0,actual,actual
2025-09-16,메타_전환,1119507.0,53406,995,54.0,1597600.0,actual,actual
2025-09-17,메타_전환,1051616.0,46843,904,46.0,1743800.0,actual,actual
2025-09-18,메타_전환,1019648.0,48374,829,49.0,1758300.0,actual,actual
2025-09-19,메타_전환,908727.0,39447,756,42.0,1448400.0,actual,actual
2025-09-20,메타_전환,864692.0,39859,730,44.0,1602000.0,actual,actual
2025-09-21,메타_전환,971200.0,43447,839,44.0,1770300.0,actual,actual
2025-09-22,메타_전환,887470.0,37004,769,59.0,1835800.0,actual,actual
2025-09-23,메타_전환,876394.0,39064,695,54.0,1768000.0,actual,actual
2025-09-24,메타_전환,880940.0,45483,724,43.0,1505900.0,actual,actual
2025-09-25,메타_전환,891498.0,48011,766,62.0,1995400.0,actual,actual
2025-09-26,메타_전환,917463.0,49455,720,50.0,1534300.0,actual,actual
2025-09-27,메타_전환,861383.0,47569,746,42.0,1577900.0,actual,actual
2025-09-28,메타_전환,916870.0,49139,847,53.0,1758067.0,actual,actual
2025-09-29,메타_전환,901648.0,47031,803,52.0,1639317.0,actual,actual
2025-09-30,메타_전환,935417.0,46438,748,39.0,1328100.0,actual,actual
2025-10-01,메타_전환,886906.0,38878,769,51.0,1868150.0,actual,actual
2025-10-02,메타_전환,839860.0,45348,796,44.0,1415600.0,actual,actual
2025-10-03,메타_전환,878009.0,47445,868,45.0,1625200.0,actual,actual
2025-10-04,메타_전환,900478.0,49247,896,46.0,1547880.0,actual,actual
2025-10-05,메타_전환,935857.0,52698,930,53.0,1966447.0,actual,actual
2025-10-06,메타_전환,946703.0,55925,1047,50.0,1842252.0,actual,actual
2025-10-07,메타_전환,882011.0,52152,989,57.0,1768970.0,actual,actual
2025-10-08,메타_전환,883107.0,52420,1000,57.0,1979575.0,actual,actual
2025-10-09,메타_전환,898174.0,54598,1084,67.0,2302464.0,actual,actual
2025-10-10,메타_전환,933538.0,91383,1138,53.0,1731944.0,actual,actual
2025-10-11,메타_전환,954410.0,55458,994,51.0,1776880.0,actual,actual
2025-10-12,메타_전환,1110720.0,111546,1319,37.0,1373342.0,actual,actual
2025-10-13,메타_전환,1056601.0,80342,1190,66.0,2252550.0,actual,actual
2025-10-14,메타_전환,1004254.0,64727,1381,65.0,2122600.0,actual,actual
2025-10-15,메타_전환,988942.0,60663,1333,49.0,1616460.0,actual,actual
2025-10-16,메타_전환,1010132.0,61526,1309,64.0,2157673.0,actual,actual
2025-10-17,메타_전환,1002489.0,55839,1210,58.0,1912400.0,actual,actual
2025-10-18,메타_전환,1016474.0,57878,1288,43.0,1377014.0,actual,actual
2025-10-19,메타_전환,1069325.0,57651,1226,51.0,1773800.0,actual,actual
2025-10-20,메타_전환,1059489.0,56533,1354,66.0,2479550.0,actual,actual
2025-10-21,메타_전환,1020682.0,52863,1074,39.0,1224500.0,actual,actual
2025-10-22,메타_전환,966444.0,46277,883,35.0,1299000.0,actual,actual
2025-10-23,메타_전환,985379.0,43217,780,58.0,1946400.0,actual,actual
2025-10-24,메타_전환,928211.0,43342,719,42.0,1400860.0,actual,actual
2025-10-25,메타_전환,941143.0,44060,710,46.0,1542420.0,actual,actual
2025-10-26,메타_전환,1130779.0,45422,825,53.0,1904900.0,actual,actual
2025-10-27,메타_전환,1036994.0,41112,847,47.0,1559200.0,actual,actual
2025-10-28,메타_전환,962829.0,45095,969,44.0,1345100.0,actual,actual
2025-10-29,메타_전환,888620.0,42294,864,39.0,1215700.0,actual,actual
2025-10-30,메타_전환,902981.0,39158,763,55.0,2585320.0,actual,actual
2025-10-31,메타_전환,951602.0,40940,906,29.0,917700.0,actual,actual
2025-11-01,메타_전환,915561.0,43482,845,42.0,1405600.0,actual,actual
2025-11-02,메타_전환,1043769.0,52021,1100,52.0,1730320.0,actual,actual
2025-11-03,메타_전환,961347.0,40946,866,38.0,1265800.0,actual,actual
2025-11-04,메타_전환,677824.0,34340,784,30.0,918000.0,actual,actual
2025-11-05,메타_전환,518346.0,35893,818,32.0,1024700.0,actual,actual
2025-11-06,메타_전환,541500.0,38865,853,25.0,1031900.0,actual,actual
2025-11-07,메타_전환,541263.0,43003,860,35.0,1139000.0,actual,actual
2025-11-08,메타_전환,526055.0,47773,1056,32.0,1016900.0,actual,actual
2025-11-09,메타_전환,593823.0,54748,1071,29.0,1099000.0,actual,actual
2025-11-10,메타_전환,574701.0,46493,844,35.0,1378800.0,actual,actual
2025-11-11,메타_전환,581339.0,49723,889,23.0,855500.0,actual,actual
2025-11-12,메타_전환,513792.0,51828,892,14.0,498700.0,actual,actual
2025-11-13,메타_전환,508808.0,51271,877,27.0,1079900.0,actual,actual
2025-11-14,메타_전환,523531.0,53504,937,25.0,934200.0,actual,actual
2025-11-15,메타_전환,569055.0,54371,939,33.0,1406300.0,actual,actual
2025-11-16,메타_전환,678773.0,66793,1192,26.0,976500.0,actual,actual
2025-11-17,메타_전환,639346.0,50386,893,26.0,878262.0,actual,actual
2025-11-18,메타_전환,685450.0,45611,946,29.0,1239400.0,actual,actual
2025-11-19,메타_전환,620752.0,42620,828,36.0,1799900.0,actual,actual
2025-11-20,메타_전환,653796.0,46132,806,31.0,1194600.0,actual,actual
2025-11-21,메타_전환,711216.0,48934,912,36.0,1664600.0,actual,actual
2025-11-22,메타_전환,669603.0,54754,979,28.0,1092700.0,actual,actual
2025-11-23,메타_전환,775416.0,53626,1022,30.0,1149000.0,actual,actual
2025-11-24,메타_전환,729002.0,52954,1019,32.0,1418500.0,actual,actual
2025-11-25,메타_전환,720782.0,48811,929,34.0,1492700.0,actual,actual
2025-11-26,메타_전환,695149.0,45665,969,39.0,1691500.0,actual,actual
2025-11-27,메타_전환,748081.0,47296,1056,44.0,1880600.0,actual,actual
2025-11-28,메타_전환,57497.0,3789,87,2.0,59600.0,actual,actual
2025-11-29,메타_전환,694894.0431385943,46446,884,29.987002998412425,1199467.240174238,forecast,prophet_full
2025-11-30,메타_전환,763630.8022125501,51912,972,33.75848588760599,1324937.2231283989,forecast,prophet_full
2025-12-01,메타_전환,676762.4234014063,43035,832,31.867284562990434,1269878.536982919,forecast,prophet_full
2025-12-02,메타_전환,670604.081993028,41143,818,29.13034706517407,1167368.6285531684,forecast,prophet_full
2025-12-03,메타_전환,600108.4570677845,37796,748,26.941388059649267,1168908.7861825952,forecast,prophet_full
2025-12-04,메타_전환,644210.9174020006,41149,796,29.254822506235318,1222524.509456744,forecast,prophet_full
2025-12-05,메타_전환,625076.4116493188,40584,757,24.53030057543789,1054931.5527132968,forecast,prophet_full
2025-12-06,메타_전환,662450.1459016511,44865,857,27.389146285979823,1136094.7209248925,forecast,prophet_full
2025-12-07,메타_전환,731186.904975443,50331,945,31.16062917516778,1261564.7038789222,forecast,prophet_full
2025-12-08,메타_전환,644318.5261641914,41454,805,29.269427850543536,1206506.0177331923,forecast,prophet_full
2025-12-09,메타_전환,638160.1847559996,39562,791,26.532490352740027,1103996.1093037345,forecast,prophet_full
2025-12-10,메타_전환,567664.5598306326,36214,721,24.343531347201203,1105536.2669327138,forecast,prophet_full
2025-12-11,메타_전환,611767.0201649911,39568,769,26.65696579379352,1159151.9902071045,forecast,prophet_full
2025-12-12,메타_전환,592632.514412235,39003,731,21.932443862996006,991559.033463683,forecast,prophet_full
2025-12-13,메타_전환,630006.2486642931,43283,831,24.791289573531397,1072722.2016752493,forecast,prophet_full
2025-12-14,메타_전환,698743.0077383361,48749,919,28.56277246272962,1198192.1846294457,forecast,prophet_full
2025-12-15,메타_전환,611874.6289270542,39872,779,26.671571138104472,1143133.498483651,forecast,prophet_full
2025-12-16,메타_전환,605716.2875188183,37980,765,23.934633640297562,1040623.590054165,forecast,prophet_full
2025-12-17,메타_전환,535220.662593404,34633,694,21.745674634761713,1042163.7476832616,forecast,prophet_full
2025-12-18,메타_전환,579323.1229278012,37986,743,24.059109081349707,1095779.4709574666,forecast,prophet_full
2025-12-19,메타_전환,560188.6171751516,37421,704,19.334587150554114,928186.51421407,forecast,prophet_full
2025-12-20,메타_전환,597562.3514273496,41702,804,22.1934328610988,1009349.6824259034,forecast,prophet_full
2025-12-21,메타_전환,666299.1105011937,47168,892,25.964915750280447,1134819.6653796353,forecast,prophet_full
2025-12-22,메타_전환,579430.7316899169,38291,752,24.073714425665383,1079760.9792341096,forecast,prophet_full
2025-12-23,메타_전환,573272.3902816552,36399,738,21.33677692784971,977251.070804445,forecast,prophet_full
2025-12-24,메타_전환,502776.7653563962,33052,668,19.147817922318424,978791.228433642,forecast,prophet_full
2025-12-25,메타_전환,546879.2256906106,36405,716,21.461252368905868,1032406.9517078275,forecast,prophet_full
2025-12-26,메타_전환,527744.719937975,35840,677,16.736730438117583,864813.9949647461,forecast,prophet_full
2025-12-27,메타_전환,565118.4541901987,40121,777,19.59557614865825,945977.1631764084,forecast,prophet_full
2025-12-28,메타_전환,633855.2132639285,45587,865,23.367059037833545,1071447.146129973,forecast,prophet_full
2025-12-29,메타_전환,546986.8344527021,36710,725,21.47585771321849,1016388.4599843825,forecast,prophet_full
2025-12-30,메타_전환,540828.4930444735,34818,711,18.738920215407216,913878.5515548744,forecast,prophet_full
2025-12-31,메타_전환,470332.86811916786,31470,641,16.549961209878955,915418.7091841907,forecast,prophet_full
2026-01-01,메타_전환,514435.3284534189,34824,689,18.863395656468633,969034.4324585153,forecast,prophet_full
2026-01-02,메타_전환,495300.8227008916,34259,651,14.138873725675694,801441.4757151331,forecast,prophet_full
2026-01-03,메타_전환,532674.5569532552,38539,751,16.997719436225648,882604.643927062,forecast,prophet_full
2026-01-04,메타_전환,601411.3160269796,44005,838,20.76920232540408,1008074.626880682,forecast,prophet_full
2026-01-05,메타_전환,514542.93721559504,35128,698,18.878001000772173,953015.940734864,forecast,prophet_full
2026-01-06,메타_전환,508384.59580744547,33236,685,16.141063502973193,850506.032305441,forecast,prophet_full
2026-01-07,메타_전환,437888.9708820494,29889,614,13.952104497437539,852046.1899346545,forecast,prophet_full
2026-01-08,메타_전환,481991.4312164094,33242,662,16.26553894402681,905661.9132088758,forecast,prophet_full
2026-01-09,메타_전환,462856.92546359263,32677,624,11.541017013228316,738068.9564654375,forecast,prophet_full
2026-01-10,메타_전환,500230.65971610445,36958,724,14.399862723785123,819232.1246775674,forecast,prophet_full
2026-01-11,메타_전환,568967.4187897146,42424,812,18.17134561295715,944702.1076310201,forecast,prophet_full
2026-01-12,메타_전환,482099.0399784577,33547,672,16.28014428833311,889643.4214853224,forecast,prophet_full
2026-01-13,메타_전환,475940.6985702644,31655,658,13.543206790530727,787133.5130558712,forecast,prophet_full
2026-01-14,메타_전환,405445.07364482107,28308,588,11.354247784998048,788673.6706852028,forecast,prophet_full
2026-01-15,메타_전환,449547.53397903853,31661,636,13.667682231581031,842289.3939592391,forecast,prophet_full
2026-01-16,메타_전환,430413.0282267244,31096,597,8.943160300791916,674696.4372159059,forecast,prophet_full
2026-01-17,메타_전환,467786.76247870125,35377,697,11.802006011325608,755859.6054274194,forecast,prophet_full
2026-01-18,메타_전환,536523.5215526079,40842,785,15.57348890051899,881329.5883815438,forecast,prophet_full
2026-01-19,메타_전환,449655.14274132054,31966,645,13.68228757589404,826270.9022357814,forecast,prophet_full
2026-01-20,메타_전환,443496.8013331007,30074,631,10.945350078082848,723760.9938061509,forecast,prophet_full
2026-01-21,메타_전환,373001.17640770297,26726,561,8.756391072556683,725301.1514356675,forecast,prophet_full
2026-01-22,메타_전환,417103.636742027,30080,609,11.069825519145736,778916.8747099249,forecast,prophet_full
2026-01-23,메타_전환,397969.1309894257,29515,570,6.345303588344564,611323.9179662113,forecast,prophet_full
2026-01-24,메타_전환,435342.8652415505,33795,671,9.204149298885108,692487.0861779252,forecast,prophet_full
2026-01-25,메타_전환,504079.6243153424,39261,758,12.975632188072037,817957.0691318811,forecast,prophet_full
2026-01-26,메타_전환,417211.2455041057,30384,618,11.084430863447144,762898.3829860543,forecast,prophet_full
2026-01-27,메타_전환,411052.9040959016,28492,604,8.347493365645793,660388.4745567307,forecast,prophet_full
2026-01-28,메타_전환,340557.279170551,25145,534,6.158534360108616,661928.6321857858,forecast,prophet_full
2026-01-29,메타_전환,384659.7395046562,28498,582,8.471968806699955,715544.3554602879,forecast,prophet_full
2026-01-30,메타_전환,365525.2337521267,27933,544,3.747446875897161,547951.3987165154,forecast,prophet_full
2026-01-31,메타_전환,402898.9680046071,32214,644,6.606292586452482,629114.566928579,forecast,prophet_full
2026-02-01,메타_전환,471635.7270782355,37680,732,10.377775475633879,754584.5498824051,forecast,prophet_full
2026-02-02,메타_전환,384767.3482672319,28803,592,8.486574151024397,699525.8637370948,forecast,prophet_full
2026-02-03,메타_전환,378609.0068587383,26911,578,5.749636653197912,597015.955307011,forecast,prophet_full
2026-02-04,메타_전환,308113.38193343265,23564,508,3.560677647667227,598556.1129362496,forecast,prophet_full
2026-02-05,메타_전환,352215.8422676467,26917,556,5.874112094258135,652171.8362106488,forecast,prophet_full
2026-02-06,메타_전환,333081.3365150432,26352,517,1.1495901634552967,484578.87946690246,forecast,prophet_full
2026-02-07,메타_전환,370455.07076724886,30633,617,4.008435874004061,565742.0476789355,forecast,prophet_full
2026-02-08,메타_전환,439191.8298412514,36098,705,7.779918763193448,691212.03063278,forecast,prophet_full
2026-02-09,메타_전환,352323.45102993905,27222,565,5.8887174385696195,636153.3444871806,forecast,prophet_full
2026-02-10,메타_전환,346165.1096215751,25330,551,3.1517799407500573,533643.436057291,forecast,prophet_full
2026-02-11,메타_전환,275669.48469620425,21982,481,0.9628209352277346,535183.5936867979,forecast,prophet_full
2026-02-12,메타_전환,319771.9450304563,25336,529,3.276255381814321,588799.3169610101,forecast,prophet_full
2026-02-13,메타_전환,300637.4392776517,24771,490,0.0,421206.3602174967,forecast,prophet_full
2026-02-14,메타_전환,338011.1735303054,29051,590,1.4105791615714338,502369.5284295896,forecast,prophet_full
2026-02-15,메타_전환,406747.93260414456,34517,678,5.182062050755288,627839.511383304,forecast,prophet_full
2026-02-16,메타_전환,319879.5537928019,25640,538,3.2908607261305542,572780.82523764,forecast,prophet_full
2026-02-17,메타_전환,313721.21238439356,23748,524,0.5539232283075656,470270.91680772044,forecast,prophet_full
2026-02-18,메타_전환,243225.58745919645,20401,454,0.0,471811.0744371782,forecast,prophet_full
2026-02-19,메타_전환,287328.04779326613,23754,502,0.6783986693705074,525426.7977113723,forecast,prophet_full
2026-02-20,메타_전환,268193.54204078316,23189,464,0.0,357833.84096796496,forecast,prophet_full
2026-02-21,메타_전환,305567.2762933619,27470,564,0.0,438997.00918024377,forecast,prophet_full
2026-02-22,메타_전환,374304.03536687925,32936,651,2.584205338308336,564466.9921336414,forecast,prophet_full
2026-02-23,메타_전환,287435.6565555871,24059,512,0.6930040136836568,509408.30598791287,forecast,prophet_full
2026-02-24,메타_전환,281277.31514738355,22167,498,0.0,406898.3975581375,forecast,prophet_full
2026-02-25,메타_전환,210781.69022193397,18820,427,0.0,408438.5551873804,forecast,prophet_full
2026-02-26,메타_전환,254884.150556076,22173,475,0.0,462054.27846173395,forecast,prophet_full
2026-02-27,메타_전환,235749.6448034844,21608,437,0.0,294461.32171827,forecast,prophet_full
2026-02-28,메타_전환,273123.37905621115,25889,537,0.0,375624.4899307491,forecast,prophet_full
2026-03-01,메타_전환,341860.13812973676,31354,625,0.0,501094.4728838306,forecast,prophet_full
2026-03-02,메타_전환,254991.75931837194,22477,485,0.0,446035.78673818463,forecast,prophet_full
2026-03-03,메타_전환,248833.41791018425,20586,471,0.0,343525.8783087173,forecast,prophet_full
2026-03-04,메타_전환,178337.79298492614,17238,401,0.0,345066.0359377608,forecast,prophet_full
2026-03-05,메타_전환,222440.25331906654,20592,449,0.0,398681.7592120944,forecast,prophet_full
2026-03-06,메타_전환,203305.74756640114,20026,410,0.0,231088.80246865662,forecast,prophet_full
2026-03-07,메타_전환,240679.48181880786,24307,510,0.0,312251.97068060073,forecast,prophet_full
2026-03-08,메타_전환,309416.2408924717,29773,598,0.0,437721.9536341684,forecast,prophet_full
2026-03-09,메타_전환,222547.86208115707,20896,458,0.0,382663.2674884572,forecast,prophet_full
2026-03-10,메타_전환,216389.52067302074,19004,444,0.0,280153.3590589964,forecast,prophet_full
2026-03-11,메타_전환,145893.895747698,15657,374,0.0,281693.516688309,forecast,prophet_full
2026-03-12,메타_전환,189996.35608187434,19010,422,0.0,335309.239962781,forecast,prophet_full
2026-03-13,메타_전환,170861.85032931768,18445,383,0.0,167716.28321904322,forecast,prophet_full
2026-03-14,메타_전환,208235.58458144992,22726,484,0.0,248879.45143095768,forecast,prophet_full
2026-03-15,메타_전환,276972.34365552274,28192,571,0.0,374349.4343848778,forecast,prophet_full
2026-03-16,메타_전환,190103.96484401997,19315,431,0.0,319290.7482389169,forecast,prophet_full
2026-03-17,메타_전환,183945.62343583946,17423,418,0.0,216780.83980942713,forecast,prophet_full
2026-03-18,메타_전환,113449.99851046962,14076,347,0.0,218320.9974388581,forecast,prophet_full
2026-03-19,메타_전환,157552.45884486486,17429,395,0.0,271936.7207131423,forecast,prophet_full
2026-03-20,메타_전환,138417.95309223374,16864,357,0.0,104343.76396942986,forecast,prophet_full
2026-03-21,메타_전환,175791.68734450647,21145,457,0.0,185506.93218161224,forecast,prophet_full
2026-03-22,메타_전환,244528.44641825766,26610,545,0.0,310976.9151352156,forecast,prophet_full
2026-03-23,메타_전환,157660.0676070682,17733,405,0.0,255918.2289897702,forecast,prophet_full
2026-03-24,메타_전환,151501.7261988114,15842,391,0.0,153408.32055999374,forecast,prophet_full
2026-03-25,메타_전환,81006.10127346133,12494,321,0.0,154948.47818923762,forecast,prophet_full
2026-03-26,메타_전환,125108.56160749402,15848,369,0.0,208564.20146350528,forecast,prophet_full
2026-03-27,메타_전환,105974.05585493521,15282,330,0.0,40971.24471973478,forecast,prophet_full
2026-03-28,메타_전환,143347.7901071034,19563,430,0.0,122134.41293146391,forecast,prophet_full
2026-03-29,메타_전환,212084.54918099265,25029,518,0.0,247604.39588555341,forecast,prophet_full
2026-03-30,메타_전환,125216.17036993132,16152,378,0.0,192545.7097402291,forecast,prophet_full
2026-03-31,메타_전환,119057.82896163013,14260,364,0.0,90035.8013104236,forecast,prophet_full
2026-04-01,메타_전환,48562.20403623317,10913,294,0.0,91575.95893978587,forecast,prophet_full
2026-04-02,메타_전환,92664.66437048407,14266,342,0.0,145191.6822138649,forecast,prophet_full
2026-04-03,메타_전환,73530.15861775877,13701,303,0.0,0.0,forecast,prophet_full
2026-04-04,메타_전환,110903.89287015992,17982,403,0.0,58761.89368211766,forecast,prophet_full
2026-04-05,메타_전환,179640.65194404343,23448,491,0.0,184231.87663626275,forecast,prophet_full
2026-04-06,메타_전환,92772.27313263867,14571,351,0.0,129173.19049031532,forecast,prophet_full
2026-04-07,메타_전환,86613.93172444838,12679,337,0.0,26663.282060853504,forecast,prophet_full
2026-04-08,메타_전환,16118.306799081212,9331,267,0.0,28203.439689904073,forecast,prophet_full
2026-04-09,메타_전환,60220.76713347504,12685,315,0.0,81819.16296422621,forecast,prophet_full
2026-04-10,메타_전환,41086.26138067484,12120,277,0.0,0.0,forecast,prophet_full
2026-04-11,메타_전환,78459.99563300921,16400,377,0.0,0.0,forecast,prophet_full
2026-04-12,메타_전환,147196.7547067784,21866,464,0.0,120859.35738660059,forecast,prophet_full
2026-04-13,메타_전환,60328.375895501566,12989,325,0.0,65800.67124077506,forecast,prophet_full
2026-04-14,메타_전환,54170.034487267556,11097,311,0.0,0.0,forecast,prophet_full
2026-04-15,메타_전환,0.0,7750,240,0.0,0.0,forecast,prophet_full
2026-04-16,메타_전환,27776.869896104217,11104,288,0.0,18446.643714589176,forecast,prophet_full
2026-04-17,메타_전환,8642.364143806648,10538,250,0.0,0.0,forecast,prophet_full
2026-04-18,메타_전환,46016.0983958585,14819,350,0.0,0.0,forecast,prophet_full
2026-04-19,메타_전환,114752.8574696359,20285,438,0.0,57486.83813678974,forecast,prophet_full
2026-04-20,메타_전환,27884.478658471806,11408,298,0.0,2428.151991441984,forecast,prophet_full
2026-04-21,메타_전환,21726.137250104315,9516,284,0.0,0.0,forecast,prophet_full
2026-04-22,메타_전환,0.0,6169,214,0.0,0.0,forecast,prophet_full
2026-04-23,메타_전환,0.0,9522,262,0.0,0.0,forecast,prophet_full
2026-04-24,메타_전환,0.0,8957,223,0.0,0.0,forecast,prophet_full
2026-04-25,메타_전환,13572.201158707318,13238,323,0.0,0.0,forecast,prophet_full
2026-04-26,메타_전환,82308.96023237129,18704,411,0.0,0.0,forecast,prophet_full
2026-04-27,메타_전환,0.0,9827,271,0.0,0.0,forecast,prophet_full
2026-04-28,메타_전환,0.0,7935,257,0.0,0.0,forecast,prophet_full
2026-04-29,메타_전환,0.0,4587,187,0.0,0.0,forecast,prophet_full
2026-04-30,메타_전환,0.0,7941,235,0.0,0.0,forecast,prophet_full
2026-05-01,메타_전환,0.0,7376,196,0.0,0.0,forecast,prophet_full
2026-05-02,메타_전환,0.0,11656,297,0.0,0.0,forecast,prophet_full
2026-05-03,메타_전환,49865.06299526395,17122,384,0.0,0.0,forecast,prophet_full
2026-05-04,메타_전환,0.0,8245,244,0.0,0.0,forecast,prophet_full
2026-05-05,메타_전환,0.0,6353,231,0.0,0.0,forecast,prophet_full
2026-05-06,메타_전환,0.0,3006,160,0.0,0.0,forecast,prophet_full
2026-05-07,메타_전환,0.0,6360,208,0.0,0.0,forecast,prophet_full
2026-05-08,메타_전환,0.0,5794,170,0.0,0.0,forecast,prophet_full
2026-05-09,메타_전환,0.0,10075,270,0.0,0.0,forecast,prophet_full
2026-05-10,메타_전환,17421.16575815706,15541,358,0.0,0.0,forecast,prophet_full
2026-05-11,메타_전환,0.0,6664,218,0.0,0.0,forecast,prophet_full
2026-05-12,메타_전환,0.0,4772,204,0.0,0.0,forecast,prophet_full
2026-05-13,메타_전환,0.0,1425,134,0.0,0.0,forecast,prophet_full
2026-05-14,메타_전환,0.0,4778,182,0.0,0.0,forecast,prophet_full
2026-05-15,메타_전환,0.0,4213,143,0.0,0.0,forecast,prophet_full
2026-05-16,메타_전환,0.0,8494,243,0.0,0.0,forecast,prophet_full
2026-05-17,메타_전환,0.0,13960,331,0.0,0.0,forecast,prophet_full
2026-05-18,메타_전환,0.0,5083,191,0.0,0.0,forecast,prophet_full
2026-05-19,메타_전환,0.0,3191,177,0.0,0.0,forecast,prophet_full
2026-05-20,메타_전환,0.0,0,107,0.0,0.0,forecast,prophet_full
2026-05-21,메타_전환,0.0,3197,155,0.0,0.0,forecast,prophet_full
2026-05-22,메타_전환,0.0,2632,116,0.0,0.0,forecast,prophet_full
2026-05-23,메타_전환,0.0,6912,216,0.0,0.0,forecast,prophet_full
2026-05-24,메타_전환,0.0,12378,304,0.0,0.0,forecast,prophet_full
2026-05-25,메타_전환,0.0,3501,164,0.0,0.0,forecast,prophet_full
2026-05-26,메타_전환,0.0,1609,150,0.0,0.0,forecast,prophet_full
2026-05-27,메타_전환,0.0,0,80,0.0,0.0,forecast,prophet_full
2025-05-18,메타_트래픽,28511.0,2710,80,0.0,0.0,actual,actual
2025-05-19,메타_트래픽,42247.0,4368,154,0.0,0.0,actual,actual
2025-05-20,메타_트래픽,61267.0,6369,242,1.0,3100.0,actual,actual
2025-05-21,메타_트래픽,86221.0,9329,413,2.0,32900.0,actual,actual
2025-05-22,메타_트래픽,98921.0,11009,424,1.0,3100.0,actual,actual
2025-05-23,메타_트래픽,100770.0,11119,424,1.0,3100.0,actual,actual
2025-05-24,메타_트래픽,118168.0,13220,518,2.0,20900.0,actual,actual
2025-05-25,메타_트래픽,133213.0,14690,551,2.0,32900.0,actual,actual
2025-05-26,메타_트래픽,122941.0,13328,460,4.0,84000.0,actual,actual
2025-05-27,메타_트래픽,126981.0,13135,484,5.0,94800.0,actual,actual
2025-05-28,메타_트래픽,126160.0,13702,453,6.0,139400.0,actual,actual
2025-05-29,메타_트래픽,130742.0,14516,500,2.0,95900.0,actual,actual
2025-05-30,메타_트래픽,137268.0,15794,551,3.0,108800.0,actual,actual
2025-05-31,메타_트래픽,137120.0,13982,535,1.0,11800.0,actual,actual
2025-06-01,메타_트래픽,158365.0,18716,662,1.0,29600.0,actual,actual
2025-06-02,메타_트래픽,139660.0,17518,539,2.0,36600.0,actual,actual
2025-06-03,메타_트래픽,138277.0,18293,664,1.0,3100.0,actual,actual
2025-06-04,메타_트래픽,131553.0,18058,561,0.0,0.0,actual,actual
2025-06-05,메타_트래픽,132857.0,16590,541,3.0,46500.0,actual,actual
2025-06-06,메타_트래픽,136402.0,17462,559,2.0,17900.0,actual,actual
2025-06-07,메타_트래픽,142758.0,19625,594,4.0,62400.0,actual,actual
2025-06-08,메타_트래픽,154373.0,22184,663,3.0,18000.0,actual,actual
2025-06-09,메타_트래픽,142031.0,19565,586,0.0,0.0,actual,actual
2025-06-10,메타_트래픽,138522.0,18794,524,6.0,131600.0,actual,actual
2025-06-11,메타_트래픽,135967.0,16231,487,0.0,0.0,actual,actual
2025-06-12,메타_트래픽,134399.0,15346,457,1.0,17800.0,actual,actual
2025-06-13,메타_트래픽,136554.0,15061,459,1.0,14800.0,actual,actual
2025-06-14,메타_트래픽,138095.0,16804,548,0.0,0.0,actual,actual
2025-06-15,메타_트래픽,153731.0,18743,569,1.0,24800.0,actual,actual
2025-06-16,메타_트래픽,141136.0,16115,528,3.0,74000.0,actual,actual
2025-06-17,메타_트래픽,138018.0,15692,550,6.0,109700.0,actual,actual
2025-06-18,메타_트래픽,133884.0,14450,529,2.0,29600.0,actual,actual
2025-06-19,메타_트래픽,136578.0,13990,569,4.0,155300.0,actual,actual
2025-06-20,메타_트래픽,138583.0,14660,558,1.0,14800.0,actual,actual
2025-06-21,메타_트래픽,138031.0,15804,518,1.0,3100.0,actual,actual
2025-06-22,메타_트래픽,152122.0,16981,586,0.0,0.0,actual,actual
2025-06-23,메타_트래픽,143900.0,14861,506,3.0,56300.0,actual,actual
2025-06-24,메타_트래픽,145607.0,15868,493,0.0,0.0,actual,actual
2025-06-25,메타_트래픽,120308.0,13152,404,0.0,0.0,actual,actual
2025-06-26,메타_트래픽,105907.0,11688,336,1.0,11800.0,actual,actual
2025-06-27,메타_트래픽,112617.0,12719,358,0.0,0.0,actual,actual
2025-06-28,메타_트래픽,114011.0,13535,423,0.0,0.0,actual,actual
2025-06-29,메타_트래픽,125371.0,15926,459,4.0,74300.0,actual,actual
2025-06-30,메타_트래픽,118256.0,14315,430,4.0,107900.0,actual,actual
2025-07-01,메타_트래픽,113586.0,14300,381,2.0,60200.0,actual,actual
2025-07-02,메타_트래픽,111446.0,13953,405,1.0,3100.0,actual,actual
2025-07-03,메타_트래픽,110799.0,14566,381,2.0,58200.0,actual,actual
2025-07-04,메타_트래픽,112572.0,14296,406,1.0,3100.0,actual,actual
2025-07-05,메타_트래픽,112896.0,15252,425,2.0,44400.0,actual,actual
2025-07-06,메타_트래픽,132823.0,19347,488,3.0,44800.0,actual,actual
2025-07-07,메타_트래픽,116907.0,16388,406,6.0,189900.0,actual,actual
2025-07-08,메타_트래픽,113394.0,15592,389,1.0,39600.0,actual,actual
2025-07-09,메타_트래픽,110325.0,12977,363,0.0,0.0,actual,actual
2025-07-10,메타_트래픽,95883.0,11634,297,0.0,0.0,actual,actual
2025-07-11,메타_트래픽,67079.0,8440,239,0.0,0.0,actual,actual
2025-07-12,메타_트래픽,35846.0,4238,151,1.0,57900.0,actual,actual
2025-07-13,메타_트래픽,43975.0,5581,162,0.0,0.0,actual,actual
2025-07-14,메타_트래픽,39931.0,5175,166,0.0,0.0,actual,actual
2025-07-15,메타_트래픽,40706.0,4764,140,0.0,0.0,actual,actual
2025-07-16,메타_트래픽,37953.0,4295,152,0.0,0.0,actual,actual
2025-07-17,메타_트래픽,38088.0,4656,168,0.0,0.0,actual,actual
2025-07-18,메타_트래픽,39934.0,4910,196,1.0,16800.0,actual,actual
2025-07-19,메타_트래픽,39310.0,5038,210,3.0,130600.0,actual,actual
2025-07-20,메타_트래픽,43792.0,5645,221,0.0,0.0,actual,actual
2025-07-21,메타_트래픽,40387.0,5320,166,1.0,17800.0,actual,actual
2025-07-22,메타_트래픽,40941.0,4425,180,0.0,0.0,actual,actual
2025-07-23,메타_트래픽,37331.0,3647,156,1.0,11800.0,actual,actual
2025-07-24,메타_트래픽,37814.0,3664,176,0.0,0.0,actual,actual
2025-07-25,메타_트래픽,38781.0,3801,134,0.0,0.0,actual,actual
2025-07-26,메타_트래픽,40930.0,4002,162,0.0,0.0,actual,actual
2025-07-27,메타_트래픽,44753.0,4415,201,1.0,54400.0,actual,actual
2025-07-28,메타_트래픽,39309.0,3885,170,1.0,29800.0,actual,actual
2025-07-29,메타_트래픽,39385.0,3849,157,1.0,17800.0,actual,actual
2025-07-30,메타_트래픽,39063.0,4043,187,0.0,0.0,actual,actual
2025-07-31,메타_트래픽,38630.0,3951,155,1.0,29600.0,actual,actual
2025-08-01,메타_트래픽,38916.0,4319,182,0.0,0.0,actual,actual
2025-08-02,메타_트래픽,39805.0,4501,193,4.0,132400.0,actual,actual
2025-08-03,메타_트래픽,43925.0,4987,192,1.0,39600.0,actual,actual
2025-08-04,메타_트래픽,40083.0,4648,165,1.0,54900.0,actual,actual
2025-08-05,메타_트래픽,39603.0,4441,174,2.0,43700.0,actual,actual
2025-08-06,메타_트래픽,5396.0,614,20,0.0,0.0,actual,actual
2025-08-07,메타_트래픽,52436.0,6336,185,0.0,0.0,actual,actual
2025-08-08,메타_트래픽,50380.0,5564,187,1.0,29600.0,actual,actual
2025-08-09,메타_트래픽,48143.0,5291,195,0.0,0.0,actual,actual
2025-08-10,메타_트래픽,42983.0,4768,185,0.0,0.0,actual,actual
2025-08-11,메타_트래픽,40050.0,4737,158,1.0,25700.0,actual,actual
2025-08-12,메타_트래픽,40257.0,4527,163,0.0,0.0,actual,actual
2025-08-13,메타_트래픽,38516.0,4380,187,1.0,17800.0,actual,actual
2025-08-14,메타_트래픽,38732.0,4430,168,0.0,0.0,actual,actual
2025-08-15,메타_트래픽,39403.0,4787,153,0.0,0.0,actual,actual
2025-08-16,메타_트래픽,40024.0,4887,174,1.0,27600.0,actual,actual
2025-08-17,메타_트래픽,42746.0,5231,226,2.0,39600.0,actual,actual
2025-08-18,메타_트래픽,40410.0,4646,202,2.0,29600.0,actual,actual
2025-08-19,메타_트래픽,40852.0,4477,154,2.0,49600.0,actual,actual
2025-08-20,메타_트래픽,38763.0,4320,152,3.0,82000.0,actual,actual
2025-08-21,메타_트래픽,38780.0,4159,167,1.0,29600.0,actual,actual
2025-08-22,메타_트래픽,38125.0,3976,152,0.0,0.0,actual,actual
2025-08-23,메타_트래픽,40237.0,4375,188,0.0,0.0,actual,actual
2025-08-24,메타_트래픽,44339.0,4809,187,0.0,0.0,actual,actual
2025-08-25,메타_트래픽,39827.0,4275,171,1.0,29800.0,actual,actual
2025-08-26,메타_트래픽,39599.0,4218,173,0.0,0.0,actual,actual
2025-08-27,메타_트래픽,38776.0,3894,162,0.0,0.0,actual,actual
2025-08-28,메타_트래픽,38910.0,3799,146,0.0,0.0,actual,actual
2025-08-29,메타_트래픽,37188.0,3399,137,1.0,11800.0,actual,actual
2025-08-30,메타_트래픽,41355.0,4087,177,1.0,22800.0,actual,actual
2025-08-31,메타_트래픽,46126.0,4868,183,2.0,59600.0,actual,actual
2025-09-01,메타_트래픽,39772.0,4482,135,0.0,0.0,actual,actual
2025-09-02,메타_트래픽,40713.0,4284,136,1.0,29600.0,actual,actual
2025-09-03,메타_트래픽,37344.0,3782,136,1.0,14800.0,actual,actual
2025-09-04,메타_트래픽,39089.0,3581,130,0.0,0.0,actual,actual
2025-09-05,메타_트래픽,38116.0,4143,130,0.0,0.0,actual,actual
2025-09-06,메타_트래픽,38678.0,4391,148,0.0,0.0,actual,actual
2025-09-07,메타_트래픽,45203.0,4973,196,0.0,0.0,actual,actual
2025-09-08,메타_트래픽,40388.0,4049,129,1.0,26800.0,actual,actual
2025-09-09,메타_트래픽,40514.0,3782,143,2.0,46600.0,actual,actual
2025-09-10,메타_트래픽,38142.0,3692,121,0.0,0.0,actual,actual
2025-09-11,메타_트래픽,38031.0,3585,126,0.0,0.0,actual,actual
2025-09-12,메타_트래픽,38699.0,3676,125,0.0,0.0,actual,actual
2025-09-13,메타_트래픽,38733.0,3741,152,1.0,17800.0,actual,actual
2025-09-14,메타_트래픽,46180.0,4453,185,1.0,29600.0,actual,actual
2025-09-15,메타_트래픽,39033.0,3638,163,1.0,17800.0,actual,actual
2025-09-16,메타_트래픽,40716.0,3335,139,0.0,0.0,actual,actual
2025-09-17,메타_트래픽,38721.0,3478,159,0.0,0.0,actual,actual
2025-09-18,메타_트래픽,39315.0,3586,114,0.0,0.0,actual,actual
2025-09-19,메타_트래픽,38409.0,3582,126,0.0,0.0,actual,actual
2025-09-20,메타_트래픽,37555.0,4025,135,0.0,0.0,actual,actual
2025-09-21,메타_트래픽,48921.0,5101,163,1.0,29800.0,actual,actual
2025-09-22,메타_트래픽,37596.0,4007,128,0.0,0.0,actual,actual
2025-09-23,메타_트래픽,40142.0,3869,156,0.0,0.0,actual,actual
2025-09-24,메타_트래픽,38155.0,3493,139,0.0,0.0,actual,actual
2025-09-25,메타_트래픽,38978.0,3423,133,0.0,0.0,actual,actual
2025-09-26,메타_트래픽,39561.0,3210,122,0.0,0.0,actual,actual
2025-09-27,메타_트래픽,36592.0,3519,140,1.0,26800.0,actual,actual
2025-09-28,메타_트래픽,46748.0,4273,178,2.0,69200.0,actual,actual
2025-09-29,메타_트래픽,40453.0,3522,141,0.0,0.0,actual,actual
2025-09-30,메타_트래픽,42176.0,3562,139,0.0,0.0,actual,actual
2025-10-01,메타_트래픽,40042.0,3885,136,0.0,0.0,actual,actual
2025-10-02,메타_트래픽,36234.0,3560,122,0.0,0.0,actual,actual
2025-10-03,메타_트래픽,37392.0,4046,145,1.0,40600.0,actual,actual
2025-10-04,메타_트래픽,36889.0,4712,159,1.0,14800.0,actual,actual
2025-10-05,메타_트래픽,44356.0,7053,181,1.0,14800.0,actual,actual
2025-10-06,메타_트래픽,39585.0,6389,166,0.0,0.0,actual,actual
2025-10-07,메타_트래픽,39607.0,6401,190,0.0,0.0,actual,actual
2025-10-08,메타_트래픽,39445.0,6089,184,0.0,0.0,actual,actual
2025-10-09,메타_트래픽,38052.0,5499,195,0.0,0.0,actual,actual
2025-10-10,메타_트래픽,39303.0,5733,169,0.0,0.0,actual,actual
2025-10-11,메타_트래픽,39629.0,5979,179,0.0,0.0,actual,actual
2025-10-12,메타_트래픽,43729.0,7065,188,1.0,26600.0,actual,actual
2025-10-13,메타_트래픽,41426.0,5962,158,1.0,21800.0,actual,actual
2025-10-14,메타_트래픽,40361.0,4580,167,0.0,0.0,actual,actual
2025-10-15,메타_트래픽,36694.0,4721,127,0.0,0.0,actual,actual
2025-10-16,메타_트래픽,37808.0,4629,137,0.0,0.0,actual,actual
2025-10-17,메타_트래픽,40982.0,4712,159,0.0,0.0,actual,actual
2025-10-18,메타_트래픽,38990.0,4811,123,0.0,0.0,actual,actual
2025-10-19,메타_트래픽,44567.0,5146,167,1.0,26800.0,actual,actual
2025-10-20,메타_트래픽,41732.0,4595,158,0.0,0.0,actual,actual
2025-10-21,메타_트래픽,40340.0,4308,131,0.0,0.0,actual,actual
2025-10-22,메타_트래픽,24431.0,2688,97,0.0,0.0,actual,actual
2025-10-23,메타_트래픽,0.0,0,0,0.0,0.0,actual,actual
2025-10-24,메타_트래픽,0.0,0,0,0.0,0.0,actual,actual
2025-10-25,메타_트래픽,0.0,0,0,0.0,0.0,actual,actual
2025-10-26,메타_트래픽,0.0,0,0,0.0,0.0,actual,actual
2025-10-27,메타_트래픽,18718.89751139514,2202,71,0.3245459998259985,13749.042903142017,forecast,prophet_full
2025-10-28,메타_트래픽,19588.300216859112,2104,75,0.2373030631481694,6212.40420524162,forecast,prophet_full
2025-10-29,메타_트래픽,15619.075740934106,1525,62,0.0,0.0,forecast,prophet_full
2025-10-30,메타_트래픽,16389.098801365282,1524,58,0.0,0.0,forecast,prophet_full
2025-10-31,메타_트래픽,16625.650768783664,1605,61,0.0,0.0,forecast,prophet_full
2025-11-01,메타_트래픽,16718.080374787984,1912,79,0.0,3767.164980209772,forecast,prophet_full
2025-11-02,메타_트래픽,20445.00667324884,2618,92,0.013446907151408005,3561.7432493774945,forecast,prophet_full
2025-11-03,메타_트래픽,15464.944975423763,1828,59,0.23625490982089425,11983.332906515136,forecast,prophet_full
2025-11-04,메타_트래픽,16334.347680887044,1730,63,0.1490119731422847,4446.694208589297,forecast,prophet_full
2025-11-05,메타_트래픽,12365.123204956331,1150,50,0.0,0.0,forecast,prophet_full
2025-11-06,메타_트래픽,13135.146265405347,1149,46,0.0,0.0,forecast,prophet_full
2025-11-07,메타_트래픽,13371.698232817937,1230,49,0.0,0.0,forecast,prophet_full
2025-11-08,메타_트래픽,13464.12783880834,1537,67,0.0,2001.4549835320527,forecast,prophet_full
2025-11-09,메타_트래픽,17191.05413728055,2243,80,0.0,1796.0332527366381,forecast,prophet_full
2025-11-10,메타_트래픽,12210.99243945287,1453,47,0.14796381981405304,10217.622909817266,forecast,prophet_full
2025-11-11,메타_트래픽,13080.395144920754,1355,52,0.06072088313561563,2680.984211900695,forecast,prophet_full
2025-11-12,메타_트래픽,9111.170669000428,776,38,0.0,0.0,forecast,prophet_full
2025-11-13,메타_트래픽,9881.193729432782,775,34,0.0,0.0,forecast,prophet_full
2025-11-14,메타_트래픽,10117.745696839756,856,37,0.0,0.0,forecast,prophet_full
2025-11-15,메타_트래픽,10210.175302838186,1163,55,0.0,235.74498688040512,forecast,prophet_full
2025-11-16,메타_트래픽,13937.10160131225,1869,68,0.0,30.32325609577356,forecast,prophet_full
2025-11-17,메타_트래픽,8957.039903481518,1079,35,0.05967272980894894,8451.912913190394,forecast,prophet_full
2025-11-18,메타_트래픽,9826.442608948688,981,40,0.0,915.2742152483652,forecast,prophet_full
2025-11-19,메타_트래픽,5857.218133022654,401,26,0.0,0.0,forecast,prophet_full
2025-11-20,메타_트래픽,6627.241193460313,400,22,0.0,0.0,forecast,prophet_full
2025-11-21,메타_트래픽,6863.793160886428,481,25,0.0,0.0,forecast,prophet_full
2025-11-22,메타_트래픽,6956.222766868017,788,43,0.0,0.0,forecast,prophet_full
2025-11-23,메타_트래픽,10683.149065338606,1494,56,0.0,0.0,forecast,prophet_full
2025-11-24,메타_트래픽,5703.087367518872,704,23,0.0,6686.202916534564,forecast,prophet_full
2025-11-25,메타_트래픽,6572.490072982408,606,28,0.0,0.0,forecast,prophet_full
2025-11-26,메타_트래픽,2603.2655970550427,27,14,0.0,0.0,forecast,prophet_full
2025-11-27,메타_트래픽,3373.288657487829,26,11,0.0,0.0,forecast,prophet_full
2025-11-28,메타_트래픽,3609.8406249082655,107,14,0.0,0.0,forecast,prophet_full
2025-11-29,메타_트래픽,3702.270230888373,414,31,0.0,0.0,forecast,prophet_full
2025-11-30,메타_트래픽,7429.196529364964,1120,44,0.0,0.0,forecast,prophet_full
2025-12-01,메타_트래픽,2449.1348315477594,330,11,0.0,4920.492919872194,forecast,prophet_full
2025-12-02,메타_트래픽,3318.5375370045494,232,16,0.0,0.0,forecast,prophet_full
2025-12-03,메타_트래픽,0.0,0,2,0.0,0.0,forecast,prophet_full
2025-12-04,메타_트래픽,119.33612152788533,0,0,0.0,0.0,forecast,prophet_full
2025-12-05,메타_트래픽,355.8880889366352,0,2,0.0,0.0,forecast,prophet_full
2025-12-06,메타_트래픽,448.3176949280864,40,19,0.0,0.0,forecast,prophet_full
2025-12-07,메타_트래픽,4175.243993396663,745,32,0.0,0.0,forecast,prophet_full
2025-12-08,메타_트래픽,0.0,0,0,0.0,3154.7829232098193,forecast,prophet_full
2025-12-09,메타_트래픽,64.58500103861263,0,4,0.0,0.0,forecast,prophet_full
2025-12-10,메타_트래픽,0.0,0,0,0.0,0.0,forecast,prophet_full
2025-12-11,메타_트래픽,0.0,0,0,0.0,0.0,forecast,prophet_full
2025-12-12,메타_트래픽,0.0,0,0,0.0,0.0,forecast,prophet_full
2025-12-13,메타_트래픽,0.0,0,7,0.0,0.0,forecast,prophet_full
2025-12-14,메타_트래픽,921.2914574283814,371,20,0.0,0.0,forecast,prophet_full
2025-12-15,메타_트래픽,0.0,0,0,0.0,1389.072926582945,forecast,prophet_full
2025-12-16,메타_트래픽,0.0,0,0,0.0,0.0,forecast,prophet_full
2025-12-17,메타_트래픽,0.0,0,0,0.0,0.0,forecast,prophet_full
2025-12-18,메타_트래픽,0.0,0,0,0.0,0.0,forecast,prophet_full
2025-12-19,메타_트래픽,0.0,0,0,0.0,0.0,forecast,prophet_full
2025-12-20,메타_트래픽,0.0,0,0,0.0,0.0,forecast,prophet_full
2025-12-21,메타_트래픽,0.0,0,8,0.0,0.0,forecast,prophet_full
2025-12-22,메타_트래픽,0.0,0,0,0.0,0.0,forecast,prophet_full
2025-12-23,메타_트래픽,0.0,0,0,0.0,0.0,forecast,prophet_full
2025-12-24,메타_트래픽,0.0,0,0,0.0,0.0,forecast,prophet_full
2025-12-25,메타_트래픽,0.0,0,0,0.0,0.0,forecast,prophet_full
2025-12-26,메타_트래픽,0.0,0,0,0.0,0.0,forecast,prophet_full
2025-12-27,메타_트래픽,0.0,0,0,0.0,0.0,forecast,prophet_full
2025-12-28,메타_트래픽,0.0,0,0,0.0,0.0,forecast,prophet_full
2025-12-29,메타_트래픽,0.0,0,0,0.0,0.0,forecast,prophet_full
2025-12-30,메타_트래픽,0.0,0,0,0.0,0.0,forecast,prophet_full
2025-12-31,메타_트래픽,0.0,0,0,0.0,0.0,forecast,prophet_full
2026-01-01,메타_트래픽,0.0,0,0,0.0,0.0,forecast,prophet_full
2026-01-02,메타_트래픽,0.0,0,0,0.0,0.0,forecast,prophet_full
2026-01-03,메타_트래픽,0.0,0,0,0.0,0.0,forecast,prophet_full
2026-01-04,메타_트래픽,0.0,0,0,0.0,0.0,forecast,prophet_full
2026-01-05,메타_트래픽,0.0,0,0,0.0,0.0,forecast,prophet_full
2026-01-06,메타_트래픽,0.0,0,0,0.0,0.0,forecast,prophet_full
2026-01-07,메타_트래픽,0.0,0,0,0.0,0.0,forecast,prophet_full
2026-01-08,메타_트래픽,0.0,0,0,0.0,0.0,forecast,prophet_full
2026-01-09,메타_트래픽,0.0,0,0,0.0,0.0,forecast,prophet_full
2026-01-10,메타_트래픽,0.0,0,0,0.0,0.0,forecast,prophet_full
2026-01-11,메타_트래픽,0.0,0,0,0.0,0.0,forecast,prophet_full
2026-01-12,메타_트래픽,0.0,0,0,0.0,0.0,forecast,prophet_full
2026-01-13,메타_트래픽,0.0,0,0,0.0,0.0,forecast,prophet_full
2026-01-14,메타_트래픽,0.0,0,0,0.0,0.0,forecast,prophet_full
2026-01-15,메타_트래픽,0.0,0,0,0.0,0.0,forecast,prophet_full
2026-01-16,메타_트래픽,0.0,0,0,0.0,0.0,forecast,prophet_full
2026-01-17,메타_트래픽,0.0,0,0,0.0,0.0,forecast,prophet_full
2026-01-18,메타_트래픽,0.0,0,0,0.0,0.0,forecast,prophet_full
2026-01-19,메타_트래픽,0.0,0,0,0.0,0.0,forecast,prophet_full
2026-01-20,메타_트래픽,0.0,0,0,0.0,0.0,forecast,prophet_full
2026-01-21,메타_트래픽,0.0,0,0,0.0,0.0,forecast,prophet_full
2026-01-22,메타_트래픽,0.0,0,0,0.0,0.0,forecast,prophet_full
2026-01-23,메타_트래픽,0.0,0,0,0.0,0.0,forecast,prophet_full
2026-01-24,메타_트래픽,0.0,0,0,0.0,0.0,forecast,prophet_full
2026-01-25,메타_트래픽,0.0,0,0,0.0,0.0,forecast,prophet_full
2026-01-26,메타_트래픽,0.0,0,0,0.0,0.0,forecast,prophet_full
2026-01-27,메타_트래픽,0.0,0,0,0.0,0.0,forecast,prophet_full
2026-01-28,메타_트래픽,0.0,0,0,0.0,0.0,forecast,prophet_full
2026-01-29,메타_트래픽,0.0,0,0,0.0,0.0,forecast,prophet_full
2026-01-30,메타_트래픽,0.0,0,0,0.0,0.0,forecast,prophet_full
2026-01-31,메타_트래픽,0.0,0,0,0.0,0.0,forecast,prophet_full
2026-02-01,메타_트래픽,0.0,0,0,0.0,0.0,forecast,prophet_full
2026-02-02,메타_트래픽,0.0,0,0,0.0,0.0,forecast,prophet_full
2026-02-03,메타_트래픽,0.0,0,0,0.0,0.0,forecast,prophet_full
2026-02-04,메타_트래픽,0.0,0,0,0.0,0.0,forecast,prophet_full
2026-02-05,메타_트래픽,0.0,0,0,0.0,0.0,forecast,prophet_full
2026-02-06,메타_트래픽,0.0,0,0,0.0,0.0,forecast,prophet_full
2026-02-07,메타_트래픽,0.0,0,0,0.0,0.0,forecast,prophet_full
2026-02-08,메타_트래픽,0.0,0,0,0.0,0.0,forecast,prophet_full
2026-02-09,메타_트래픽,0.0,0,0,0.0,0.0,forecast,prophet_full
2026-02-10,메타_트래픽,0.0,0,0,0.0,0.0,forecast,prophet_full
2026-02-11,메타_트래픽,0.0,0,0,0.0,0.0,forecast,prophet_full
2026-02-12,메타_트래픽,0.0,0,0,0.0,0.0,forecast,prophet_full
2026-02-13,메타_트래픽,0.0,0,0,0.0,0.0,forecast,prophet_full
2026-02-14,메타_트래픽,0.0,0,0,0.0,0.0,forecast,prophet_full
2026-02-15,메타_트래픽,0.0,0,0,0.0,0.0,forecast,prophet_full
2026-02-16,메타_트래픽,0.0,0,0,0.0,0.0,forecast,prophet_full
2026-02-17,메타_트래픽,0.0,0,0,0.0,0.0,forecast,prophet_full
2026-02-18,메타_트래픽,0.0,0,0,0.0,0.0,forecast,prophet_full
2026-02-19,메타_트래픽,0.0,0,0,0.0,0.0,forecast,prophet_full
2026-02-20,메타_트래픽,0.0,0,0,0.0,0.0,forecast,prophet_full
2026-02-21,메타_트래픽,0.0,0,0,0.0,0.0,forecast,prophet_full
2026-02-22,메타_트래픽,0.0,0,0,0.0,0.0,forecast,prophet_full
2026-02-23,메타_트래픽,0.0,0,0,0.0,0.0,forecast,prophet_full
2026-02-24,메타_트래픽,0.0,0,0,0.0,0.0,forecast,prophet_full
2026-02-25,메타_트래픽,0.0,0,0,0.0,0.0,forecast,prophet_full
2026-02-26,메타_트래픽,0.0,0,0,0.0,0.0,forecast,prophet_full
2026-02-27,메타_트래픽,0.0,0,0,0.0,0.0,forecast,prophet_full
2026-02-28,메타_트래픽,0.0,0,0,0.0,0.0,forecast,prophet_full
2026-03-01,메타_트래픽,0.0,0,0,0.0,0.0,forecast,prophet_full
2026-03-02,메타_트래픽,0.0,0,0,0.0,0.0,forecast,prophet_full
2026-03-03,메타_트래픽,0.0,0,0,0.0,0.0,forecast,prophet_full
2026-03-04,메타_트래픽,0.0,0,0,0.0,0.0,forecast,prophet_full
2026-03-05,메타_트래픽,0.0,0,0,0.0,0.0,forecast,prophet_full
2026-03-06,메타_트래픽,0.0,0,0,0.0,0.0,forecast,prophet_full
2026-03-07,메타_트래픽,0.0,0,0,0.0,0.0,forecast,prophet_full
2026-03-08,메타_트래픽,0.0,0,0,0.0,0.0,forecast,prophet_full
2026-03-09,메타_트래픽,0.0,0,0,0.0,0.0,forecast,prophet_full
2026-03-10,메타_트래픽,0.0,0,0,0.0,0.0,forecast,prophet_full
2026-03-11,메타_트래픽,0.0,0,0,0.0,0.0,forecast,prophet_full
2026-03-12,메타_트래픽,0.0,0,0,0.0,0.0,forecast,prophet_full
2026-03-13,메타_트래픽,0.0,0,0,0.0,0.0,forecast,prophet_full
2026-03-14,메타_트래픽,0.0,0,0,0.0,0.0,forecast,prophet_full
2026-03-15,메타_트래픽,0.0,0,0,0.0,0.0,forecast,prophet_full
2026-03-16,메타_트래픽,0.0,0,0,0.0,0.0,forecast,prophet_full
2026-03-17,메타_트래픽,0.0,0,0,0.0,0.0,forecast,prophet_full
2026-03-18,메타_트래픽,0.0,0,0,0.0,0.0,forecast,prophet_full
2026-03-19,메타_트래픽,0.0,0,0,0.0,0.0,forecast,prophet_full
2026-03-20,메타_트래픽,0.0,0,0,0.0,0.0,forecast,prophet_full
2026-03-21,메타_트래픽,0.0,0,0,0.0,0.0,forecast,prophet_full
2026-03-22,메타_트래픽,0.0,0,0,0.0,0.0,forecast,prophet_full
2026-03-23,메타_트래픽,0.0,0,0,0.0,0.0,forecast,prophet_full
2026-03-24,메타_트래픽,0.0,0,0,0.0,0.0,forecast,prophet_full
2026-03-25,메타_트래픽,0.0,0,0,0.0,0.0,forecast,prophet_full
2026-03-26,메타_트래픽,0.0,0,0,0.0,0.0,forecast,prophet_full
2026-03-27,메타_트래픽,0.0,0,0,0.0,0.0,forecast,prophet_full
2026-03-28,메타_트래픽,0.0,0,0,0.0,0.0,forecast,prophet_full
2026-03-29,메타_트래픽,0.0,0,0,0.0,0.0,forecast,prophet_full
2026-03-30,메타_트래픽,0.0,0,0,0.0,0.0,forecast,prophet_full
2026-03-31,메타_트래픽,0.0,0,0,0.0,0.0,forecast,prophet_full
2026-04-01,메타_트래픽,0.0,0,0,0.0,0.0,forecast,prophet_full
2026-04-02,메타_트래픽,0.0,0,0,0.0,0.0,forecast,prophet_full
2026-04-03,메타_트래픽,0.0,0,0,0.0,0.0,forecast,prophet_full
2026-04-04,메타_트래픽,0.0,0,0,0.0,0.0,forecast,prophet_full
2026-04-05,메타_트래픽,0.0,0,0,0.0,0.0,forecast,prophet_full
2026-04-06,메타_트래픽,0.0,0,0,0.0,0.0,forecast,prophet_full
2026-04-07,메타_트래픽,0.0,0,0,0.0,0.0,forecast,prophet_full
2026-04-08,메타_트래픽,0.0,0,0,0.0,0.0,forecast,prophet_full
2026-04-09,메타_트래픽,0.0,0,0,0.0,0.0,forecast,prophet_full
2026-04-10,메타_트래픽,0.0,0,0,0.0,0.0,forecast,prophet_full
2026-04-11,메타_트래픽,0.0,0,0,0.0,0.0,forecast,prophet_full
2026-04-12,메타_트래픽,0.0,0,0,0.0,0.0,forecast,prophet_full
2026-04-13,메타_트래픽,0.0,0,0,0.0,0.0,forecast,prophet_full
2026-04-14,메타_트래픽,0.0,0,0,0.0,0.0,forecast,prophet_full
2026-04-15,메타_트래픽,0.0,0,0,0.0,0.0,forecast,prophet_full
2026-04-16,메타_트래픽,0.0,0,0,0.0,0.0,forecast,prophet_full
2026-04-17,메타_트래픽,0.0,0,0,0.0,0.0,forecast,prophet_full
2026-04-18,메타_트래픽,0.0,0,0,0.0,0.0,forecast,prophet_full
2026-04-19,메타_트래픽,0.0,0,0,0.0,0.0,forecast,prophet_full
2026-04-20,메타_트래픽,0.0,0,0,0.0,0.0,forecast,prophet_full
2026-04-21,메타_트래픽,0.0,0,0,0.0,0.0,forecast,prophet_full
2026-04-22,메타_트래픽,0.0,0,0,0.0,0.0,forecast,prophet_full
2026-04-23,메타_트래픽,0.0,0,0,0.0,0.0,forecast,prophet_full
2026-04-24,메타_트래픽,0.0,0,0,0.0,0.0,forecast,prophet_full
2025-10-01,메타_도달,9955.0,281,2,0.0,0.0,actual,actual
2025-10-02,메타_도달,4281.0,104,2,0.0,0.0,actual,actual
2025-10-30,메타_도달,15737.0,901,2,0.0,0.0,actual,actual
2025-10-31,메타_도달,32709.0,804,0,0.0,0.0,actual,actual
2025-11-01,메타_도달,41273.0,1242,0,0.0,0.0,actual,actual
2025-11-02,메타_도달,41895.0,1487,0,0.0,0.0,actual,actual
2025-11-03,메타_도달,40340.0,1804,0,0.0,0.0,actual,actual
2025-11-04,메타_도달,40619.0,1637,0,0.0,0.0,actual,actual
2025-11-05,메타_도달,9048.0,293,0,0.0,0.0,actual,actual
2025-11-06,메타_도달,0.0,0,0,0.0,0.0,actual,actual
2025-11-07,메타_도달,0.0,0,0,0.0,0.0,actual,actual
2025-11-08,메타_도달,24739.285714285714,923,0,0.0,0.0,forecast,simple_ma
2025-11-09,메타_도달,24739.285714285714,923,0,0.0,0.0,forecast,simple_ma
2025-11-10,메타_도달,24739.285714285714,923,0,0.0,0.0,forecast,simple_ma
2025-11-11,메타_도달,24739.285714285714,923,0,0.0,0.0,forecast,simple_ma
2025-11-12,메타_도달,24739.285714285714,923,0,0.0,0.0,forecast,simple_ma
2025-11-13,메타_도달,24739.285714285714,923,0,0.0,0.0,forecast,simple_ma
2025-11-14,메타_도달,24739.285714285714,923,0,0.0,0.0,forecast,simple_ma
2025-11-15,메타_도달,24739.285714285714,923,0,0.0,0.0,forecast,simple_ma
2025-11-16,메타_도달,24739.285714285714,923,0,0.0,0.0,forecast,simple_ma
2025-11-17,메타_도달,24739.285714285714,923,0,0.0,0.0,forecast,simple_ma
2025-11-18,메타_도달,24739.285714285714,923,0,0.0,0.0,forecast,simple_ma
2025-11-19,메타_도달,24739.285714285714,923,0,0.0,0.0,forecast,simple_ma
2025-11-20,메타_도달,24739.285714285714,923,0,0.0,0.0,forecast,simple_ma
2025-11-21,메타_도달,24739.285714285714,923,0,0.0,0.0,forecast,simple_ma
2025-11-22,메타_도달,24739.285714285714,923,0,0.0,0.0,forecast,simple_ma
2025-11-23,메타_도달,24739.285714285714,923,0,0.0,0.0,forecast,simple_ma
2025-11-24,메타_도달,24739.285714285714,923,0,0.0,0.0,forecast,simple_ma
2025-11-25,메타_도달,24739.285714285714,923,0,0.0,0.0,forecast,simple_ma
2025-11-26,메타_도달,24739.285714285714,923,0,0.0,0.0,forecast,simple_ma
2025-11-27,메타_도달,24739.285714285714,923,0,0.0,0.0,forecast,simple_ma
2025-11-28,메타_도달,24739.285714285714,923,0,0.0,0.0,forecast,simple_ma
2025-11-29,메타_도달,24739.285714285714,923,0,0.0,0.0,forecast,simple_ma
2025-11-30,메타_도달,24739.285714285714,923,0,0.0,0.0,forecast,simple_ma
2025-12-01,메타_도달,24739.285714285714,923,0,0.0,0.0,forecast,simple_ma
2025-12-02,메타_도달,24739.285714285714,923,0,0.0,0.0,forecast,simple_ma
2025-12-03,메타_도달,24739.285714285714,923,0,0.0,0.0,forecast,simple_ma
2025-12-04,메타_도달,24739.285714285714,923,0,0.0,0.0,forecast,simple_ma
2025-12-05,메타_도달,24739.285714285714,923,0,0.0,0.0,forecast,simple_ma
2025-12-06,메타_도달,24739.285714285714,923,0,0.0,0.0,forecast,simple_ma
2025-12-07,메타_도달,24739.285714285714,923,0,0.0,0.0,forecast,simple_ma
2025-12-08,메타_도달,24739.285714285714,923,0,0.0,0.0,forecast,simple_ma
2025-12-09,메타_도달,24739.285714285714,923,0,0.0,0.0,forecast,simple_ma
2025-12-10,메타_도달,24739.285714285714,923,0,0.0,0.0,forecast,simple_ma
2025-12-11,메타_도달,24739.285714285714,923,0,0.0,0.0,forecast,simple_ma
2025-12-12,메타_도달,24739.285714285714,923,0,0.0,0.0,forecast,simple_ma
2025-12-13,메타_도달,24739.285714285714,923,0,0.0,0.0,forecast,simple_ma
2025-12-14,메타_도달,24739.285714285714,923,0,0.0,0.0,forecast,simple_ma
2025-12-15,메타_도달,24739.285714285714,923,0,0.0,0.0,forecast,simple_ma
2025-12-16,메타_도달,24739.285714285714,923,0,0.0,0.0,forecast,simple_ma
2025-12-17,메타_도달,24739.285714285714,923,0,0.0,0.0,forecast,simple_ma
2025-12-18,메타_도달,24739.285714285714,923,0,0.0,0.0,forecast,simple_ma
2025-12-19,메타_도달,24739.285714285714,923,0,0.0,0.0,forecast,simple_ma
2025-12-20,메타_도달,24739.285714285714,923,0,0.0,0.0,forecast,simple_ma
2025-12-21,메타_도달,24739.285714285714,923,0,0.0,0.0,forecast,simple_ma
2025-12-22,메타_도달,24739.285714285714,923,0,0.0,0.0,forecast,simple_ma
2025-12-23,메타_도달,24739.285714285714,923,0,0.0,0.0,forecast,simple_ma
2025-12-24,메타_도달,24739.285714285714,923,0,0.0,0.0,forecast,simple_ma
2025-12-25,메타_도달,24739.285714285714,923,0,0.0,0.0,forecast,simple_ma
2025-12-26,메타_도달,24739.285714285714,923,0,0.0,0.0,forecast,simple_ma
2025-12-27,메타_도달,24739.285714285714,923,0,0.0,0.0,forecast,simple_ma
2025-12-28,메타_도달,24739.285714285714,923,0,0.0,0.0,forecast,simple_ma
2025-12-29,메타_도달,24739.285714285714,923,0,0.0,0.0,forecast,simple_ma
2025-12-30,메타_도달,24739.285714285714,923,0,0.0,0.0,forecast,simple_ma
2025-12-31,메타_도달,24739.285714285714,923,0,0.0,0.0,forecast,simple_ma
2026-01-01,메타_도달,24739.285714285714,923,0,0.0,0.0,forecast,simple_ma
2026-01-02,메타_도달,24739.285714285714,923,0,0.0,0.0,forecast,simple_ma
2026-01-03,메타_도달,24739.285714285714,923,0,0.0,0.0,forecast,simple_ma
2026-01-04,메타_도달,24739.285714285714,923,0,0.0,0.0,forecast,simple_ma
2026-01-05,메타_도달,24739.285714285714,923,0,0.0,0.0,forecast,simple_ma
2026-01-06,메타_도달,24739.285714285714,923,0,0.0,0.0,forecast,simple_ma
2026-01-07,메타_도달,24739.285714285714,923,0,0.0,0.0,forecast,simple_ma
2026-01-08,메타_도달,24739.285714285714,923,0,0.0,0.0,forecast,simple_ma
2026-01-09,메타_도달,24739.285714285714,923,0,0.0,0.0,forecast,simple_ma
2026-01-10,메타_도달,24739.285714285714,923,0,0.0,0.0,forecast,simple_ma
2026-01-11,메타_도달,24739.285714285714,923,0,0.0,0.0,forecast,simple_ma
2026-01-12,메타_도달,24739.285714285714,923,0,0.0,0.0,forecast,simple_ma
2026-01-13,메타_도달,24739.285714285714,923,0,0.0,0.0,forecast,simple_ma
2026-01-14,메타_도달,24739.285714285714,923,0,0.0,0.0,forecast,simple_ma
2026-01-15,메타_도달,24739.285714285714,923,0,0.0,0.0,forecast,simple_ma
2026-01-16,메타_도달,24739.285714285714,923,0,0.0,0.0,forecast,simple_ma
2026-01-17,메타_도달,24739.285714285714,923,0,0.0,0.0,forecast,simple_ma
2026-01-18,메타_도달,24739.285714285714,923,0,0.0,0.0,forecast,simple_ma
2026-01-19,메타_도달,24739.285714285714,923,0,0.0,0.0,forecast,simple_ma
2026-01-20,메타_도달,24739.285714285714,923,0,0.0,0.0,forecast,simple_ma
2026-01-21,메타_도달,24739.285714285714,923,0,0.0,0.0,forecast,simple_ma
2026-01-22,메타_도달,24739.285714285714,923,0,0.0,0.0,forecast,simple_ma
2026-01-23,메타_도달,24739.285714285714,923,0,0.0,0.0,forecast,simple_ma
2026-01-24,메타_도달,24739.285714285714,923,0,0.0,0.0,forecast,simple_ma
2026-01-25,메타_도달,24739.285714285714,923,0,0.0,0.0,forecast,simple_ma
2026-01-26,메타_도달,24739.285714285714,923,0,0.0,0.0,forecast,simple_ma
2026-01-27,메타_도달,24739.285714285714,923,0,0.0,0.0,forecast,simple_ma
2026-01-28,메타_도달,24739.285714285714,923,0,0.0,0.0,forecast,simple_ma
2026-01-29,메타_도달,24739.285714285714,923,0,0.0,0.0,forecast,simple_ma
2026-01-30,메타_도달,24739.285714285714,923,0,0.0,0.0,forecast,simple_ma
2026-01-31,메타_도달,24739.285714285714,923,0,0.0,0.0,forecast,simple_ma
2026-02-01,메타_도달,24739.285714285714,923,0,0.0,0.0,forecast,simple_ma
2026-02-02,메타_도달,24739.285714285714,923,0,0.0,0.0,forecast,simple_ma
2026-02-03,메타_도달,24739.285714285714,923,0,0.0,0.0,forecast,simple_ma
2026-02-04,메타_도달,24739.285714285714,923,0,0.0,0.0,forecast,simple_ma
2026-02-05,메타_도달,24739.285714285714,923,0,0.0,0.0,forecast,simple_ma
2026-02-06,메타_도달,24739.285714285714,923,0,0.0,0.0,forecast,simple_ma
2026-02-07,메타_도달,24739.285714285714,923,0,0.0,0.0,forecast,simple_ma
2026-02-08,메타_도달,24739.285714285714,923,0,0.0,0.0,forecast,simple_ma
2026-02-09,메타_도달,24739.285714285714,923,0,0.0,0.0,forecast,simple_ma
2026-02-10,메타_도달,24739.285714285714,923,0,0.0,0.0,forecast,simple_ma
2026-02-11,메타_도달,24739.285714285714,923,0,0.0,0.0,forecast,simple_ma
2026-02-12,메타_도달,24739.285714285714,923,0,0.0,0.0,forecast,simple_ma
2026-02-13,메타_도달,24739.285714285714,923,0,0.0,0.0,forecast,simple_ma
2026-02-14,메타_도달,24739.285714285714,923,0,0.0,0.0,forecast,simple_ma
2026-02-15,메타_도달,24739.285714285714,923,0,0.0,0.0,forecast,simple_ma
2026-02-16,메타_도달,24739.285714285714,923,0,0.0,0.0,forecast,simple_ma
2026-02-17,메타_도달,24739.285714285714,923,0,0.0,0.0,forecast,simple_ma
2026-02-18,메타_도달,24739.285714285714,923,0,0.0,0.0,forecast,simple_ma
2026-02-19,메타_도달,24739.285714285714,923,0,0.0,0.0,forecast,simple_ma
2026-02-20,메타_도달,24739.285714285714,923,0,0.0,0.0,forecast,simple_ma
2026-02-21,메타_도달,24739.285714285714,923,0,0.0,0.0,forecast,simple_ma
2026-02-22,메타_도달,24739.285714285714,923,0,0.0,0.0,forecast,simple_ma
2026-02-23,메타_도달,24739.285714285714,923,0,0.0,0.0,forecast,simple_ma
2026-02-24,메타_도달,24739.285714285714,923,0,0.0,0.0,forecast,simple_ma
2026-02-25,메타_도달,24739.285714285714,923,0,0.0,0.0,forecast,simple_ma
2026-02-26,메타_도달,24739.285714285714,923,0,0.0,0.0,forecast,simple_ma
2026-02-27,메타_도달,24739.285714285714,923,0,0.0,0.0,forecast,simple_ma
2026-02-28,메타_도달,24739.285714285714,923,0,0.0,0.0,forecast,simple_ma
2026-03-01,메타_도달,24739.285714285714,923,0,0.0,0.0,forecast,simple_ma
2026-03-02,메타_도달,24739.285714285714,923,0,0.0,0.0,forecast,simple_ma
2026-03-03,메타_도달,24739.285714285714,923,0,0.0,0.0,forecast,simple_ma
2026-03-04,메타_도달,24739.285714285714,923,0,0.0,0.0,forecast,simple_ma
2026-03-05,메타_도달,24739.285714285714,923,0,0.0,0.0,forecast,simple_ma
2026-03-06,메타_도달,24739.285714285714,923,0,0.0,0.0,forecast,simple_ma
2026-03-07,메타_도달,24739.285714285714,923,0,0.0,0.0,forecast,simple_ma
2026-03-08,메타_도달,24739.285714285714,923,0,0.0,0.0,forecast,simple_ma
2026-03-09,메타_도달,24739.285714285714,923,0,0.0,0.0,forecast,simple_ma
2026-03-10,메타_도달,24739.285714285714,923,0,0.0,0.0,forecast,simple_ma
2026-03-11,메타_도달,24739.285714285714,923,0,0.0,0.0,forecast,simple_ma
2026-03-12,메타_도달,24739.285714285714,923,0,0.0,0.0,forecast,simple_ma
2026-03-13,메타_도달,24739.285714285714,923,0,0.0,0.0,forecast,simple_ma
2026-03-14,메타_도달,24739.285714285714,923,0,0.0,0.0,forecast,simple_ma
2026-03-15,메타_도달,24739.285714285714,923,0,0.0,0.0,forecast,simple_ma
2026-03-16,메타_도달,24739.285714285714,923,0,0.0,0.0,forecast,simple_ma
2026-03-17,메타_도달,24739.285714285714,923,0,0.0,0.0,forecast,simple_ma
2026-03-18,메타_도달,24739.285714285714,923,0,0.0,0.0,forecast,simple_ma
2026-03-19,메타_도달,24739.285714285714,923,0,0.0,0.0,forecast,simple_ma
2026-03-20,메타_도달,24739.285714285714,923,0,0.0,0.0,forecast,simple_ma
2026-03-21,메타_도달,24739.285714285714,923,0,0.0,0.0,forecast,simple_ma
2026-03-22,메타_도달,24739.285714285714,923,0,0.0,0.0,forecast,simple_ma
2026-03-23,메타_도달,24739.285714285714,923,0,0.0,0.0,forecast,simple_ma
2026-03-24,메타_도달,24739.285714285714,923,0,0.0,0.0,forecast,simple_ma
2026-03-25,메타_도달,24739.285714285714,923,0,0.0,0.0,forecast,simple_ma
2026-03-26,메타_도달,24739.285714285714,923,0,0.0,0.0,forecast,simple_ma
2026-03-27,메타_도달,24739.285714285714,923,0,0.0,0.0,forecast,simple_ma
2026-03-28,메타_도달,24739.285714285714,923,0,0.0,0.0,forecast,simple_ma
2026-03-29,메타_도달,24739.285714285714,923,0,0.0,0.0,forecast,simple_ma
2026-03-30,메타_도달,24739.285714285714,923,0,0.0,0.0,forecast,simple_ma
2026-03-31,메타_도달,24739.285714285714,923,0,0.0,0.0,forecast,simple_ma
2026-04-01,메타_도달,24739.285714285714,923,0,0.0,0.0,forecast,simple_ma
2026-04-02,메타_도달,24739.285714285714,923,0,0.0,0.0,forecast,simple_ma
2026-04-03,메타_도달,24739.285714285714,923,0,0.0,0.0,forecast,simple_ma
2026-04-04,메타_도달,24739.285714285714,923,0,0.0,0.0,forecast,simple_ma
2026-04-05,메타_도달,24739.285714285714,923,0,0.0,0.0,forecast,simple_ma
2026-04-06,메타_도달,24739.285714285714,923,0,0.0,0.0,forecast,simple_ma
2026-04-07,메타_도달,24739.285714285714,923,0,0.0,0.0,forecast,simple_ma
2026-04-08,메타_도달,24739.285714285714,923,0,0.0,0.0,forecast,simple_ma
2026-04-09,메타_도달,24739.285714285714,923,0,0.0,0.0,forecast,simple_ma
2026-04-10,메타_도달,24739.285714285714,923,0,0.0,0.0,forecast,simple_ma
2026-04-11,메타_도달,24739.285714285714,923,0,0.0,0.0,forecast,simple_ma
2026-04-12,메타_도달,24739.285714285714,923,0,0.0,0.0,forecast,simple_ma
2026-04-13,메타_도달,24739.285714285714,923,0,0.0,0.0,forecast,simple_ma
2026-04-14,메타_도달,24739.285714285714,923,0,0.0,0.0,forecast,simple_ma
2026-04-15,메타_도달,24739.285714285714,923,0,0.0,0.0,forecast,simple_ma
2026-04-16,메타_도달,24739.285714285714,923,0,0.0,0.0,forecast,simple_ma
2026-04-17,메타_도달,24739.285714285714,923,0,0.0,0.0,forecast,simple_ma
2026-04-18,메타_도달,24739.285714285714,923,0,0.0,0.0,forecast,simple_ma
2026-04-19,메타_도달,24739.285714285714,923,0,0.0,0.0,forecast,simple_ma
2026-04-20,메타_도달,24739.285714285714,923,0,0.0,0.0,forecast,simple_ma
2026-04-21,메타_도달,24739.285714285714,923,0,0.0,0.0,forecast,simple_ma
2026-04-22,메타_도달,24739.285714285714,923,0,0.0,0.0,forecast,simple_ma
2026-04-23,메타_도달,24739.285714285714,923,0,0.0,0.0,forecast,simple_ma
2026-04-24,메타_도달,24739.285714285714,923,0,0.0,0.0,forecast,simple_ma
2026-04-25,메타_도달,24739.285714285714,923,0,0.0,0.0,forecast,simple_ma
2026-04-26,메타_도달,24739.285714285714,923,0,0.0,0.0,forecast,simple_ma
2026-04-27,메타_도달,24739.285714285714,923,0,0.0,0.0,forecast,simple_ma
2026-04-28,메타_도달,24739.285714285714,923,0,0.0,0.0,forecast,simple_ma
2026-04-29,메타_도달,24739.285714285714,923,0,0.0,0.0,forecast,simple_ma
2026-04-30,메타_도달,24739.285714285714,923,0,0.0,0.0,forecast,simple_ma
2026-05-01,메타_도달,24739.285714285714,923,0,0.0,0.0,forecast,simple_ma
2026-05-02,메타_도달,24739.285714285714,923,0,0.0,0.0,forecast,simple_ma
2026-05-03,메타_도달,24739.285714285714,923,0,0.0,0.0,forecast,simple_ma
2026-05-04,메타_도달,24739.285714285714,923,0,0.0,0.0,forecast,simple_ma
2026-05-05,메타_도달,24739.285714285714,923,0,0.0,0.0,forecast,simple_ma
2026-05-06,메타_도달,24739.285714285714,923,0,0.0,0.0,forecast,simple_ma
