연령_통합,성별_통합,일자,예측_비용,예측_노출,예측_클릭,예측_전환수,예측_전환값,예측_ROAS,예측_CPA,type
25세 ~ 34세,여성,2025-10-28,31583.0,2448.0,52.0,0.0,0.0,0.0,0.0,actual
25세 ~ 34세,여성,2025-10-29,0.0,0.0,0.0,0.0,0.0,0.0,0.0,actual
25세 ~ 34세,여성,2025-10-30,0.0,0.0,0.0,0.0,0.0,0.0,0.0,actual
25세 ~ 34세,여성,2025-10-31,0.0,0.0,0.0,0.0,0.0,0.0,0.0,actual
25세 ~ 34세,여성,2025-11-01,36997.0,2416.0,53.0,0.0,0.0,0.0,0.0,actual
25세 ~ 34세,여성,2025-11-02,7820.0,599.0,17.0,0.0,0.0,0.0,0.0,actual
25세 ~ 34세,여성,2025-11-03,11861.0,726.0,21.0,0.0,0.0,0.0,0.0,actual
25세 ~ 34세,여성,2025-11-04,14958.0,697.0,15.0,0.0,0.0,0.0,0.0,actual
25세 ~ 34세,여성,2025-11-05,12365.0,515.0,15.0,0.0,0.0,0.0,0.0,actual
25세 ~ 34세,여성,2025-11-06,12137.0,628.0,29.0,0.0,0.0,0.0,0.0,actual
25세 ~ 34세,여성,2025-11-07,11694.0,545.0,21.0,0.0,0.0,0.0,0.0,actual
25세 ~ 34세,여성,2025-11-08,10873.0,439.0,14.0,1.0,126000.0,1158.8338085165087,10873.0,actual
25세 ~ 34세,여성,2025-11-09,9315.0,439.0,8.0,0.0,0.0,0.0,0.0,actual
25세 ~ 34세,여성,2025-11-17,12287.0,709.0,30.0,0.0,0.0,0.0,0.0,actual
25세 ~ 34세,여성,2025-11-18,18096.0,764.0,41.0,0.0,0.0,0.0,0.0,actual
25세 ~ 34세,여성,2025-11-19,12591.0,507.0,19.0,0.0,0.0,0.0,0.0,actual
25세 ~ 34세,여성,2025-11-20,12202.0,438.0,16.0,0.0,0.0,0.0,0.0,actual
25세 ~ 34세,여성,2025-11-21,10010.0,392.0,31.0,0.0,0.0,0.0,0.0,actual
25세 ~ 34세,여성,2025-11-22,5698.0,279.0,20.0,0.0,0.0,0.0,0.0,actual
25세 ~ 34세,여성,2025-11-23,10424.0,537.0,33.0,1.0,160100.0,1535.8787413660784,10424.0,actual
25세 ~ 34세,여성,2025-11-24,11287.0,376.0,21.0,0.0,0.0,0.0,0.0,actual
25세 ~ 34세,여성,2025-11-25,7673.0,375.0,12.0,0.0,0.0,0.0,0.0,actual
25세 ~ 34세,여성,2025-11-26,8126.0,499.0,25.0,0.0,0.0,0.0,0.0,actual
25세 ~ 34세,여성,2025-11-27,5374.0,313.0,23.0,0.0,0.0,0.0,0.0,actual
25세 ~ 34세,여성,2025-11-28,6529.0,446.0,11.0,0.0,0.0,0.0,0.0,actual
25세 ~ 34세,여성,2025-11-29,5038.0,487.0,12.0,2.0,285000.0,5657.006748709806,2519.0,actual
25세 ~ 34세,여성,2025-11-30,7996.0,575.0,24.0,0.0,0.0,0.0,0.0,actual
25세 ~ 34세,여성,2025-12-01,8659.0,685.0,20.0,1.0,112200.0,1295.761635292759,8659.0,actual
25세 ~ 34세,여성,2025-12-02,12721.0,1105.0,50.0,0.0,0.0,0.0,0.0,actual
25세 ~ 34세,여성,2025-12-03,5616.0,404.0,18.0,0.0,0.0,0.0,0.0,actual
25세 ~ 34세,여성,2025-12-04,9257.906918998222,693.0189813331103,30.64624055601427,1.5886910706699315,190975.2047124636,2062.8334933953797,5827.380218795009,forecast
25세 ~ 34세,여성,2025-12-05,8768.498107787396,715.4290877871199,34.202996674405306,1.5839384268100494,167489.40060088303,1910.1264383250982,5535.883187988936,forecast
25세 ~ 34세,여성,2025-12-06,8057.930256802909,813.3146917584734,40.92955928115657,1.0965728095398628,157432.9836115303,1953.7645349885906,7348.285664847123,forecast
25세 ~ 34세,여성,2025-12-07,10011.065291625122,1052.72902810128,49.10968439694572,1.2633291937682218,172310.31565440455,1721.1986000985612,7924.352054086873,forecast
25세 ~ 34세,여성,2025-12-08,7864.225554788405,841.8146653420174,37.67794697224412,1.2331364767626072,125239.1952138565,1592.5178435097184,6377.417019918678,forecast
25세 ~ 34세,여성,2025-12-09,11771.58522012996,1092.9153164839438,47.97981899139555,1.4952281257785536,179088.4369382229,1521.3621070505721,7872.76872149565,forecast
25세 ~ 34세,여성,2025-12-10,12162.992084425821,1188.1238005223465,57.94055047871544,1.8029742983817845,214284.47461047437,1761.7743489684271,6746.070698479961,forecast
25세 ~ 34세,여성,2025-12-11,10388.53788724876,1017.4424657953275,50.1782637452035,1.5916418068039477,190697.14354856923,1835.6494977280424,6526.932028826998,forecast
25세 ~ 34세,여성,2025-12-12,9895.059160208291,1033.9963189875539,54.58424180790673,1.5868891629445783,167211.33943689842,1689.8467884792171,6235.507426269994,forecast
25세 ~ 34세,여성,2025-12-13,9146.002713369935,1121.846607734003,61.9781779277733,1.0995235456730619,157154.92244753902,1718.2907918647852,8318.150847575806,forecast
25세 ~ 34세,여성,2025-12-14,11026.627600043272,1347.136841678388,70.62938309682879,1.266279929901649,172032.25449035267,1560.152938235418,8707.890996029371,forecast
25세 ~ 34세,여성,2025-12-15,8774.688068353225,1118.2054209968574,59.46159187232175,1.2360872128974396,124961.13404987339,1424.1091315890533,7098.761298391715,forecast
25세 ~ 34세,여성,2025-12-16,12546.78686611964,1347.6934616959475,69.81310366827405,1.4981788619120913,178810.37577422042,1425.1487467047514,8374.692224736415,forecast
25세 ~ 34세,여성,2025-12-17,12776.122754692411,1418.0851406255333,79.60563307747883,1.8059250345148035,214006.41344638576,1675.049759268989,7074.558749956618,forecast
25세 ~ 34세,여성,2025-12-18,10816.953542528863,1219.857179681597,71.45728923864161,1.5945925429372676,190419.08238448383,1760.3762615399596,6783.52196643529,forecast
25세 ~ 34세,여성,2025-12-19,10120.960929483723,1206.6781376509052,75.26267709851597,1.5898398990778548,166933.27827280638,1649.3817082773955,6366.025242764458,forecast
25세 ~ 34세,여성,2025-12-20,9156.956525968562,1263.2057822835675,81.84790109093983,1.1024742818065931,156876.86128350813,1713.1987122426,8305.823253276547,forecast
25세 ~ 34세,여성,2025-12-21,10815.906914878076,1456.2151323169155,89.49148266984311,1.2692306660350756,171754.19332630085,1587.9777320387282,8521.624322760552,forecast
25세 ~ 34세,여성,2025-12-22,8341.428843362188,1194.6920013799543,77.12884709094982,1.2390379490304193,124683.07288581239,1494.7447880590717,6732.181891514769,forecast
25세 ~ 34세,여성,2025-12-23,11895.95080541862,1391.9213299323715,86.11213130957171,1.50112959804455,178532.31460997462,1500.7822201875022,7924.666078741575,forecast
25세 ~ 34세,여성,2025-12-24,11918.271837255252,1431.0083339156697,94.37870048266282,1.8088757706478225,213728.3522822971,1793.28307996974,6588.772999589074,forecast
25세 ~ 34세,여성,2025-12-25,9767.845630054486,1203.0097790531893,84.56380562261673,1.5975432790711,190141.02122048676,1946.601414701372,6114.29171154227,forecast
25세 ~ 34세,여성,2025-12-26,8900.982635660544,1162.1166979468253,86.58038592586585,1.5927906352113312,166655.2171088563,1872.3238088475248,5588.294179341131,forecast
25세 ~ 34세,여성,2025-12-27,7790.415283931343,1193.437407638564,91.27380473554406,1.105425017940124,156598.8001194772,2010.1470128618282,7047.438910373309,forecast
25세 ~ 34세,여성,2025-12-28,9330.209107122877,1364.113918286676,96.94253649664404,1.2721814021683762,171476.13216236653,1837.8594755337056,7334.024134624161,forecast
25세 ~ 34세,여성,2025-12-29,6766.174789202814,1083.4069640692721,82.5424633378421,1.2419886851643254,124405.01172179035,1838.631362587777,5447.855419316959,forecast
25세 ~ 34세,여성,2025-12-30,10261.980203402227,1264.7792260606511,89.4465336571499,1.504080334179059,178254.2534460427,1737.0356394465155,6822.760706464067,forecast
25세 ~ 34세,여성,2025-12-31,10256.694838933336,1291.4149338956204,95.61316804922359,1.8118265067816648,213450.29111829665,2081.0825950291683,5660.969635085113,forecast
25세 ~ 34세,여성,2026-01-01,8109.095025883247,1054.3531824045633,83.69884049405553,1.6004940152044198,189862.96005640138,2341.3581842410513,5066.620024097703,forecast
25세 ~ 34세,여성,2026-01-02,7273.921655677019,1007.6761758880014,83.63783151375029,1.5957413713446078,166377.15594476424,2287.3102546397818,4558.333691347394,forecast
45세 ~ 54세,여성,2025-11-01,44281.0,913.0,53.0,0.0,0.0,0.0,0.0,actual
45세 ~ 54세,여성,2025-11-02,8713.0,159.0,13.0,0.0,0.0,0.0,0.0,actual
45세 ~ 54세,여성,2025-11-03,28090.0,515.0,34.0,0.0,0.0,0.0,0.0,actual
45세 ~ 54세,여성,2025-11-04,33341.0,537.0,44.0,2.0,255100.0,765.1240214750607,16670.5,actual
45세 ~ 54세,여성,2025-11-05,23367.0,400.0,20.0,0.0,0.0,0.0,0.0,actual
45세 ~ 54세,여성,2025-11-06,23421.0,455.0,33.0,3.0,270300.0,1154.092481106699,7807.0,actual
45세 ~ 54세,여성,2025-11-07,22433.0,433.0,30.0,0.0,0.0,0.0,0.0,actual
45세 ~ 54세,여성,2025-11-08,14604.0,354.0,20.0,0.0,0.0,0.0,0.0,actual
45세 ~ 54세,여성,2025-11-09,25439.0,528.0,39.0,0.0,0.0,0.0,0.0,actual
45세 ~ 54세,여성,2025-11-10,0.0,0.0,0.0,0.0,0.0,0.0,0.0,actual
45세 ~ 54세,여성,2025-11-11,0.0,0.0,0.0,0.0,0.0,0.0,0.0,actual
45세 ~ 54세,여성,2025-11-12,0.0,0.0,0.0,0.0,0.0,0.0,0.0,actual
45세 ~ 54세,여성,2025-11-14,0.0,0.0,0.0,0.0,0.0,0.0,0.0,actual
45세 ~ 54세,여성,2025-11-17,35004.0,858.0,57.0,1.0,126200.0,360.5302251171295,35004.0,actual
45세 ~ 54세,여성,2025-11-18,34228.0,776.0,56.0,0.0,0.0,0.0,0.0,actual
45세 ~ 54세,여성,2025-11-19,24598.0,564.0,36.0,0.0,0.0,0.0,0.0,actual
45세 ~ 54세,여성,2025-11-20,23804.0,496.0,35.0,1.0,86400.0,362.9642076961855,23804.0,actual
45세 ~ 54세,여성,2025-11-21,23166.0,512.0,38.0,0.0,0.0,0.0,0.0,actual
45세 ~ 54세,여성,2025-11-22,20860.0,476.0,46.0,0.0,0.0,0.0,0.0,actual
45세 ~ 54세,여성,2025-11-23,26062.0,635.0,56.0,0.0,0.0,0.0,0.0,actual
45세 ~ 54세,여성,2025-11-24,21437.0,539.0,52.0,0.0,0.0,0.0,0.0,actual
45세 ~ 54세,여성,2025-11-25,20889.0,532.0,35.0,0.0,0.0,0.0,0.0,actual
45세 ~ 54세,여성,2025-11-26,20371.0,598.0,37.0,1.0,48300.0,237.101762309165,20371.0,actual
45세 ~ 54세,여성,2025-11-27,20584.0,557.0,54.0,1.0,105000.0,510.10493587252233,20584.0,actual
45세 ~ 54세,여성,2025-11-28,17999.0,578.0,41.0,0.0,0.0,0.0,0.0,actual
45세 ~ 54세,여성,2025-11-29,17410.0,646.0,43.0,0.0,0.0,0.0,0.0,actual
45세 ~ 54세,여성,2025-11-30,32047.0,844.0,67.0,0.0,0.0,0.0,0.0,actual
45세 ~ 54세,여성,2025-12-01,20402.0,733.0,36.0,0.0,0.0,0.0,0.0,actual
45세 ~ 54세,여성,2025-12-02,22410.0,815.0,41.0,1.0,113700.0,507.3627844712182,22410.0,actual
45세 ~ 54세,여성,2025-12-03,11657.0,372.0,24.0,0.0,0.0,0.0,0.0,actual
45세 ~ 54세,여성,2025-12-04,18080.028647429383,601.6973607365395,37.06384600113064,1.3477437275943234,144102.45708379333,797.0256015290208,13415.0345330871,forecast
45세 ~ 54세,여성,2025-12-05,17343.009337336098,602.6309801988479,37.430373264541814,1.3380663549006218,170918.48826068518,985.5180547745609,12961.247604663196,forecast
45세 ~ 54세,여성,2025-12-06,15577.939279976763,578.6228677546222,36.80459529338998,1.0913699686704172,96724.78223818805,620.9087126338596,14273.747424949663,forecast
45세 ~ 54세,여성,2025-12-07,16780.580447131313,602.1042316831113,38.7589531100241,1.080419457326989,144718.61156962908,862.4171972213818,15531.542248088808,forecast
45세 ~ 54세,여성,2025-12-08,14833.92427870868,556.7738212930834,33.21039746548295,1.3278251686614029,136035.4136357945,917.0561415838415,11171.594445421564,forecast
45세 ~ 54세,여성,2025-12-09,14190.140277980568,566.9467811045131,32.4095033904981,1.414611475710965,185253.2018392196,1305.5064869702853,10031.121987645967,forecast
45세 ~ 54세,여성,2025-12-10,14806.309076729556,608.0188008941591,35.22257400224597,1.179670987040194,145665.44766314063,983.8066118184496,12551.21914448259,forecast
45세 ~ 54세,여성,2025-12-11,14563.94279625982,576.0841702295301,34.89450323756935,1.3502594590944015,144522.8108199592,992.3330024138398,10786.032786637641,forecast
45세 ~ 54세,여성,2025-12-12,14160.791562812812,582.8506231038548,36.31378642518518,1.3405820864010112,171338.84199681284,1209.9524326504468,10563.166333834528,forecast
45세 ~ 54세,여성,2025-12-13,12748.828165011892,565.1553736277251,36.7460902157717,1.093885700170867,97145.13597440068,761.9926687929444,11654.625490597875,forecast
45세 ~ 54세,여성,2025-12-14,14315.17253737853,595.1391768638064,39.73018525561499,1.0829351888281573,145138.96530588184,1013.8820536525678,13218.863589490484,forecast
45세 ~ 54세,여성,2025-12-15,12734.23689195107,556.2095121920694,35.15040748805292,1.3303409001622306,136455.76737209488,1071.5661136973547,9572.160707378216,forecast
45세 ~ 54세,여성,2025-12-16,12449.902433759,572.3989522073364,35.22668749123083,1.417127207211484,185673.55557558287,1491.3655473484898,8785.310429722804,forecast
45세 ~ 54세,여성,2025-12-17,13411.468035411563,618.8384812689036,38.797511895066805,1.182186718540867,146085.80139942473,1089.2603331246112,11344.62756607931,forecast
45세 ~ 54세,여성,2025-12-18,13493.368073439857,591.3841098666526,39.08356392970813,1.3527751905953567,144943.1645563619,1074.180766191844,9974.58274460328,forecast
45세 ~ 54세,여성,2025-12-19,13387.153223671346,601.5394266382787,40.953411584168364,1.3430978179016484,171759.19573308175,1283.015088147156,9967.37024305973,forecast
45세 ~ 54세,여성,2025-12-20,12239.621834244012,585.9782705332254,41.65763716932356,1.0964014316713167,97565.48971061328,797.1283020987182,11163.449335875413,forecast
45세 ~ 54세,여성,2025-12-21,14033.859993200615,616.7241699595597,44.72519710665826,1.0854509203288172,145559.31904216434,1037.200877824687,12929.059923731344,forecast
45세 ~ 54세,여성,2025-12-22,12641.468435004583,577.1174952767767,40.03616679016019,1.332856631662113,136876.12110824365,1082.7549173736004,9484.492281244295,forecast
45세 ~ 54세,여성,2025-12-23,12504.785495833843,591.176276841913,39.81190269524169,1.4196429387120029,186093.9093119461,1488.1815395709593,8808.401855736372,forecast
45세 ~ 54세,여성,2025-12-24,13572.845754873393,634.0703850240751,42.89798251765197,1.1847024500414864,146506.15513551785,1079.406321868162,11456.755031103457,forecast
45세 ~ 54세,여성,2025-12-25,13721.071823392682,601.7473954443891,42.52767118136738,1.3552909220959766,145363.5182923959,1059.4180991354451,10124.078601642848,forecast
45세 ~ 54세,여성,2025-12-26,13643.194316903036,605.852803586569,43.587285989566276,1.3456135494022852,172179.54946935066,1262.0178637786557,10139.013777739734,forecast
45세 ~ 54세,여성,2025-12-27,12489.289801803185,583.2488380339045,43.349863379320304,1.0989171631727783,97985.84344694813,784.558970140969,11365.087579253273,forecast
45세 ~ 54세,여성,2025-12-28,14246.697872119246,606.1886283701699,45.37092839878118,1.0879666518297313,145979.67277843197,1024.6561981504067,13094.792793657134,forecast
45세 ~ 54세,여성,2025-12-29,12792.099312661814,558.2768225922031,39.560537350149986,1.3353723631631202,137296.47484444708,1073.2911892620232,9579.42493460097,forecast
45세 ~ 54세,여성,2025-12-30,12573.569032487896,563.8227898074437,38.172644250346345,1.4221586702125915,186514.26304814956,1483.383616586742,8841.185794415145,forecast
45세 ~ 54세,여성,2025-12-31,13546.34841252222,598.3063181198075,40.08717276329868,1.1872181815421596,146926.50887180198,1084.620773048945,11410.159162931563,forecast
45세 ~ 54세,여성,2026-01-01,13592.339926804227,557.9943684321858,38.57256415784015,1.3578066535969313,145783.87202879856,1072.5443361029497,10010.512093748475,forecast
45세 ~ 54세,여성,2026-01-02,13411.824709792712,554.851803183511,38.55019852985998,1.3481292809035617,172599.90320569676,1286.923345185626,9948.470743698746,forecast
35세 ~ 44세,여성,2025-11-02,6649.0,322.0,18.0,0.0,0.0,0.0,0.0,actual
35세 ~ 44세,여성,2025-11-03,19922.0,717.0,25.0,1.0,41300.0,207.3085031623331,19922.0,actual
35세 ~ 44세,여성,2025-11-04,30772.0,720.0,32.0,1.0,85700.0,278.49993500584947,30772.0,actual
35세 ~ 44세,여성,2025-11-05,19554.0,566.0,28.0,0.0,0.0,0.0,0.0,actual
35세 ~ 44세,여성,2025-11-06,17373.0,560.0,27.0,0.0,0.0,0.0,0.0,actual
35세 ~ 44세,여성,2025-11-07,15038.0,494.0,24.0,0.0,0.0,0.0,0.0,actual
35세 ~ 44세,여성,2025-11-08,13913.0,453.0,21.0,0.0,0.0,0.0,0.0,actual
35세 ~ 44세,여성,2025-11-09,20323.0,553.0,29.0,0.0,0.0,0.0,0.0,actual
35세 ~ 44세,여성,2025-11-10,0.0,0.0,0.0,0.0,0.0,0.0,0.0,actual
35세 ~ 44세,여성,2025-11-11,0.0,0.0,0.0,0.0,0.0,0.0,0.0,actual
35세 ~ 44세,여성,2025-11-12,0.0,0.0,0.0,0.0,0.0,0.0,0.0,actual
35세 ~ 44세,여성,2025-11-13,0.0,0.0,0.0,0.0,0.0,0.0,0.0,actual
35세 ~ 44세,여성,2025-11-14,0.0,0.0,0.0,1.0,66600.0,0.0,0.0,actual
35세 ~ 44세,여성,2025-11-17,27469.0,975.0,66.0,0.0,0.0,0.0,0.0,actual
35세 ~ 44세,여성,2025-11-18,33765.0,962.0,60.0,0.0,0.0,0.0,0.0,actual
35세 ~ 44세,여성,2025-11-19,23089.0,711.0,37.0,0.0,0.0,0.0,0.0,actual
35세 ~ 44세,여성,2025-11-20,16052.0,469.0,17.0,0.0,0.0,0.0,0.0,actual
35세 ~ 44세,여성,2025-11-21,17817.0,506.0,23.0,0.0,0.0,0.0,0.0,actual
35세 ~ 44세,여성,2025-11-22,13831.0,446.0,26.0,0.0,0.0,0.0,0.0,actual
35세 ~ 44세,여성,2025-11-23,23785.0,758.0,39.0,0.0,0.0,0.0,0.0,actual
35세 ~ 44세,여성,2025-11-24,16885.0,538.0,40.0,0.0,0.0,0.0,0.0,actual
35세 ~ 44세,여성,2025-11-25,19372.0,594.0,36.0,0.0,0.0,0.0,0.0,actual
35세 ~ 44세,여성,2025-11-26,17236.0,732.0,47.0,0.0,0.0,0.0,0.0,actual
35세 ~ 44세,여성,2025-11-27,16611.0,588.0,37.0,0.0,0.0,0.0,0.0,actual
35세 ~ 44세,여성,2025-11-28,13888.0,588.0,26.0,0.0,0.0,0.0,0.0,actual
35세 ~ 44세,여성,2025-11-29,12327.0,675.0,30.0,0.0,0.0,0.0,0.0,actual
35세 ~ 44세,여성,2025-11-30,19720.0,835.0,52.0,1.0,136500.0,692.1906693711968,19720.0,actual
35세 ~ 44세,여성,2025-12-01,15620.0,856.0,38.0,1.0,44300.0,283.61075544174133,15620.0,actual
35세 ~ 44세,여성,2025-12-02,18065.0,1091.0,38.0,0.0,0.0,0.0,0.0,actual
35세 ~ 44세,여성,2025-12-03,9245.0,428.0,20.0,0.0,0.0,0.0,0.0,actual
35세 ~ 44세,여성,2025-12-04,16091.797086930139,776.2411388287882,36.999375509222745,1.0863120443105747,138211.66407906456,858.8951459704955,14813.236372742935,forecast
35세 ~ 44세,여성,2025-12-05,15763.537196320536,800.8001746133953,40.56875531173594,1.2011624415856506,159355.2668324204,1010.9105897223149,13123.568179097527,forecast
35세 ~ 44세,여성,2025-12-06,13834.88636091476,807.2043616905612,47.291085271074955,0.9329936685691529,91361.39567382954,660.3696863888714,14828.489010147368,forecast
35세 ~ 44세,여성,2025-12-07,14085.818027660309,859.4031761468575,52.96485132337153,0.9580035654590279,111906.50384987726,794.4622288185645,14703.304387923736,forecast
35세 ~ 44세,여성,2025-12-08,12870.121689953103,827.2802268202456,47.048338303526855,1.2703043924754838,128270.50301590495,996.6533814209207,10131.525771451263,forecast
35세 ~ 44세,여성,2025-12-09,13993.419578329238,904.2901895634615,54.46778462366274,1.0392071652114236,151491.13539094973,1082.5883876558298,13465.47641969185,forecast
35세 ~ 44세,여성,2025-12-10,14269.085095936009,1032.3313670401974,66.96035215515634,1.0503589407811302,86410.43465706275,605.5779615588206,13584.960856642383,forecast
35세 ~ 44세,여성,2025-12-11,12780.524015927844,892.7838440603194,55.47493765108388,1.0841853381205842,138124.57321123485,1080.7426443477266,11788.135816411845,forecast
35세 ~ 44세,여성,2025-12-12,12523.110510304445,922.8411940636155,60.524196511965386,1.1990357353966992,159268.1759649139,1271.794062935583,10444.317997045511,forecast
35세 ~ 44세,여성,2025-12-13,10699.981894462671,933.9513718825563,68.4901161673839,0.9308669623791875,91274.30480625182,853.032329461109,11494.641368638504,forecast
35세 ~ 44세,여성,2025-12-14,11085.98364707287,989.6484328174627,75.12580247082866,0.955876859269666,111819.41298230013,1008.655763368592,11597.711085445746,forecast
35세 ~ 44세,여성,2025-12-15,10029.216866816627,959.419454377434,69.84973043805897,1.2681776862865584,128183.41214830836,1278.0999139865548,7908.368815559193,forecast
35세 ~ 44세,여성,2025-12-16,11329.25524856024,1036.3565897229184,77.55504552285191,1.0370804590217975,151404.0445232807,1336.3989176827988,10924.181581095743,forecast
35세 ~ 44세,여성,2025-12-17,11793.266107657902,1162.0437145626413,89.9535152680522,1.0482322345918107,86323.34378936003,731.971474240765,11250.623400500832,forecast
35세 ~ 44세,여성,2025-12-18,10498.490796288952,1017.6072180861981,77.97713224746244,1.0820586319313725,138037.4823436246,1314.8316745909674,9702.330803969593,forecast
35세 ~ 44세,여성,2025-12-19,10434.371159418446,1040.0585186046033,82.13071862697717,1.1969090292075142,159181.08509717387,1525.5455519568247,8717.764595966955,forecast
35세 ~ 44세,여성,2025-12-20,8798.520882510677,1040.74361872286,88.79785458330403,0.9287402561897653,91187.21393856894,1036.392538657571,9473.607743253582,forecast
35세 ~ 44세,여성,2025-12-21,9360.828772249803,1083.1810828943624,93.74278473110267,0.9537501530803041,111732.322114723,1193.6157025535358,9814.759915914412,forecast
35세 ~ 44세,여성,2025-12-22,8465.142235562862,1036.932626349944,86.40455062805253,1.2660509800969284,128096.32128071341,1513.2211333977198,6686.257005949929,forecast
35세 ~ 44세,여성,2025-12-23,9907.594854286504,1095.2561316130098,91.70593832205,1.0349537528330945,151316.95365580736,1527.2824119401726,9572.983166798844,forecast
35세 ~ 44세,여성,2025-12-24,10492.810177741252,1199.9905186329042,101.39684946543315,1.0461055284024914,86236.25292165729,821.8604116616265,10030.355344517518,forecast
35세 ~ 44세,여성,2025-12-25,9296.435495559896,1032.6020610080432,86.45511126142917,1.079931925741836,137950.3914761447,1483.9062944289956,8608.35324335273,forecast
35세 ~ 44세,여성,2025-12-26,9307.291503838656,1030.5198467194732,87.43809517505397,1.1947823230173662,159093.99422969524,1709.347925377423,7789.947444429486,forecast
35세 ~ 44세,여성,2025-12-27,7723.33682899948,1005.5758881020402,90.78749098040943,0.9266135500003431,91100.12307088605,1179.543571488745,8335.013910595868,forecast
35세 ~ 44세,여성,2025-12-28,8315.735386725282,1021.831520222269,92.32991870919011,0.9516234468899606,111645.23124698114,1342.5779688132523,8738.47256906319,forecast
35세 ~ 44세,여성,2025-12-29,7430.476555960418,949.4345919140472,81.56965832433785,1.2639242739076506,128009.23041311764,1722.7593607092936,5878.893782922418,forecast
35세 ~ 44세,여성,2025-12-30,8866.614494877293,982.2576308562652,83.49612035747526,1.0328270466436065,151229.8627881957,1705.6099921291163,8584.800837363102,forecast
35세 ~ 44세,여성,2025-12-31,9432.361782726815,1062.7668134848302,89.92570195711403,1.043978822213068,86149.1620540587,913.3360661782601,9035.012571166644,forecast
35세 ~ 44세,여성,2026-01-01,8207.494746821483,873.051765254021,71.9010802757685,1.0778052195526244,137863.30060853448,1679.7245062133584,7615.007422424853,forecast
35세 ~ 44세,여성,2026-01-02,8185.360410188698,851.1443389917367,70.04134961608557,1.1926556168281812,159006.90336195516,1942.5766905026187,6863.138272854765,forecast
25세 ~ 34세,남성,2025-10-23,2633.0,276.0,5.0,0.0,0.0,0.0,0.0,actual
25세 ~ 34세,남성,2025-10-24,4519.0,512.0,11.0,0.0,0.0,0.0,0.0,actual
25세 ~ 34세,남성,2025-10-25,881.0,84.0,8.0,0.0,0.0,0.0,0.0,actual
25세 ~ 34세,남성,2025-10-28,2019.0,248.0,3.0,0.0,0.0,0.0,0.0,actual
25세 ~ 34세,남성,2025-11-01,4090.0,289.0,6.0,0.0,0.0,0.0,0.0,actual
25세 ~ 34세,남성,2025-11-02,628.0,79.0,0.0,0.0,0.0,0.0,0.0,actual
25세 ~ 34세,남성,2025-11-03,1307.0,71.0,4.0,0.0,0.0,0.0,0.0,actual
25세 ~ 34세,남성,2025-11-04,2045.0,69.0,0.0,0.0,0.0,0.0,0.0,actual
25세 ~ 34세,남성,2025-11-05,1970.0,60.0,1.0,0.0,0.0,0.0,0.0,actual
25세 ~ 34세,남성,2025-11-06,1030.0,56.0,4.0,0.0,0.0,0.0,0.0,actual
25세 ~ 34세,남성,2025-11-07,830.0,54.0,1.0,0.0,0.0,0.0,0.0,actual
25세 ~ 34세,남성,2025-11-08,505.0,32.0,5.0,0.0,0.0,0.0,0.0,actual
25세 ~ 34세,남성,2025-11-09,378.0,38.0,0.0,0.0,0.0,0.0,0.0,actual
25세 ~ 34세,남성,2025-11-17,845.0,60.0,1.0,0.0,0.0,0.0,0.0,actual
25세 ~ 34세,남성,2025-11-18,1992.0,90.0,5.0,0.0,0.0,0.0,0.0,actual
25세 ~ 34세,남성,2025-11-19,717.0,48.0,2.0,0.0,0.0,0.0,0.0,actual
25세 ~ 34세,남성,2025-11-20,932.0,59.0,2.0,0.0,0.0,0.0,0.0,actual
25세 ~ 34세,남성,2025-11-21,2545.0,71.0,1.0,0.0,0.0,0.0,0.0,actual
25세 ~ 34세,남성,2025-11-22,519.0,41.0,1.0,0.0,0.0,0.0,0.0,actual
25세 ~ 34세,남성,2025-11-23,800.0,63.0,3.0,0.0,0.0,0.0,0.0,actual
25세 ~ 34세,남성,2025-11-24,1422.0,65.0,3.0,0.0,0.0,0.0,0.0,actual
25세 ~ 34세,남성,2025-11-25,1021.0,44.0,0.0,0.0,0.0,0.0,0.0,actual
25세 ~ 34세,남성,2025-11-26,1054.0,67.0,6.0,0.0,0.0,0.0,0.0,actual
25세 ~ 34세,남성,2025-11-27,734.0,54.0,1.0,0.0,0.0,0.0,0.0,actual
25세 ~ 34세,남성,2025-11-28,750.0,51.0,3.0,0.0,0.0,0.0,0.0,actual
25세 ~ 34세,남성,2025-11-29,892.0,61.0,3.0,0.0,0.0,0.0,0.0,actual
25세 ~ 34세,남성,2025-11-30,1053.0,77.0,2.0,0.0,0.0,0.0,0.0,actual
25세 ~ 34세,남성,2025-12-01,1529.0,96.0,3.0,1.0,82600.0,5402.223675604971,1529.0,actual
25세 ~ 34세,남성,2025-12-02,2298.0,157.0,6.0,0.0,0.0,0.0,0.0,actual
25세 ~ 34세,남성,2025-12-03,616.0,50.0,1.0,0.0,0.0,0.0,0.0,actual
25세 ~ 34세,남성,2025-12-04,1662.5601344179213,89.20343514756378,4.012038569738048,0.0,0.0,0.0,0.0,forecast
25세 ~ 34세,남성,2025-12-05,1356.33654029816,74.66450582989518,3.2049519517090954,0.796386090829795,202517.5010891028,14931.213240379404,1703.1143008599313,forecast
25세 ~ 34세,남성,2025-12-06,911.6951645919862,36.56481670785519,2.7236583179460085,0.3801321573409767,37419.486513051605,4104.385760321331,2398.3636926938543,forecast
25세 ~ 34세,남성,2025-12-07,899.7429281553116,36.37689774275967,1.9216425321232409,0.2036867944144235,0.0,0.0,4417.286504714117,forecast
25세 ~ 34세,남성,2025-12-08,928.0615738715367,30.094958461219818,2.429661206188878,0.0,0.0,0.0,0.0,forecast
25세 ~ 34세,남성,2025-12-09,1305.5859038261824,49.76737879971881,2.6809594725335906,0.0,0.0,0.0,0.0,forecast
25세 ~ 34세,남성,2025-12-10,1333.902731156021,37.18000576381087,4.170484588129909,0.07897193085023901,0.0,0.0,16890.846111963638,forecast
25세 ~ 34세,남성,2025-12-11,1304.9343020769845,19.198655629739648,3.146512806625146,0.0,0.0,0.0,0.0,forecast
25세 ~ 34세,남성,2025-12-12,988.7465935042151,4.715597506193092,2.3417765840134686,0.7435507920607238,197758.0869963779,20000.88680917765,1329.7633518269008,forecast
25세 ~ 34세,남성,2025-12-13,546.1067019612701,0.0,1.9163250671892245,0.3272968585669569,32660.072419741526,5980.529501367991,1668.5363383943086,forecast
25세 ~ 34세,남성,2025-12-14,547.6968312699471,0.0,1.2226521548329616,0.15085149564460454,0.0,0.0,3630.7020287043233,forecast
25세 ~ 34세,남성,2025-12-15,600.2903722134138,0.0,1.888512526651354,0.0,0.0,0.0,0.0,forecast
25세 ~ 34세,남성,2025-12-16,1011.661358419107,1.0628481103892966,2.3422034831944383,0.0,0.0,0.0,0.0,forecast
25세 ~ 34세,남성,2025-12-17,1081.925456130714,0.0,4.071909881578078,0.02613663208541306,0.0,0.0,41394.983584535374,forecast
25세 ~ 34세,남성,2025-12-18,1101.2748877601855,0.0,3.3175254284139,0.0,0.0,0.0,0.0,forecast
25세 ~ 34세,남성,2025-12-19,837.8460578275276,0.0,2.802032170591919,0.6907154933003445,192998.67290462786,23035.099479379187,1213.0118202853257,forecast
25세 ~ 34세,남성,2025-12-20,450.34222931821023,0.0,2.6746639961306413,0.27446155980287545,27900.658327491357,6195.434607527523,1640.8207751994717,forecast
25세 ~ 34세,남성,2025-12-21,507.3167165861523,0.0,2.276379585446713,0.09801619687478569,0.0,0.0,5175.845755719764,forecast
25세 ~ 34세,남성,2025-12-22,613.419935035412,0.0,3.2230549019987054,0.0,0.0,0.0,0.0,forecast
25세 ~ 34세,남성,2025-12-23,1074.3793926334497,29.657817360723698,3.9311616027691776,0.0,0.0,0.0,0.0,forecast
25세 ~ 34세,남성,2025-12-24,1188.408602033805,36.05168082474154,5.87751637848017,0.0,0.0,0.0,0.0,forecast
25세 ~ 34세,남성,2025-12-25,1244.0052202782301,36.69123667856002,5.291501766647197,0.0,0.0,0.0,0.0,forecast
25세 ~ 34세,남성,2025-12-26,1007.8752407822758,39.83392929552704,4.886827505068263,0.6378801945232002,188239.2588111668,18676.841259148543,1580.038460883141,forecast
25세 ~ 34세,남성,2025-12-27,637.6038489523237,20.0555822188052,4.80504580464525,0.22162626103879401,23141.244235241174,3629.407864031188,2876.932751397705,forecast
25세 ~ 34세,남성,2025-12-28,700.9769301840727,38.17880963856152,4.381334276449181,0.04518089810904591,0.0,0.0,15514.895885695692,forecast
25세 ~ 34세,남성,2025-12-29,802.2553961731876,49.55016401633739,5.227945995042161,0.0,0.0,0.0,0.0,forecast
25세 ~ 34세,남성,2025-12-30,1247.1705783904417,85.59377598307881,5.760083911325289,0.0,0.0,0.0,0.0,forecast
25세 ~ 34세,남성,2025-12-31,1334.3361936727829,87.51503701491237,7.455777198259845,0.0,0.0,0.0,0.0,forecast
25세 ~ 34세,남성,2026-01-01,1353.037091154866,81.66210602985964,6.548154638754271,0.0,0.0,0.0,0.0,forecast
25세 ~ 34세,남성,2026-01-02,1071.1318856728246,76.48943927241122,5.757180875704876,0.5850448957628209,183479.8447194168,17129.528788526834,1830.8541676553057,forecast
55세 ~ 64세,여성,2025-10-23,10389.0,165.0,22.0,0.0,0.0,0.0,0.0,actual
55세 ~ 64세,여성,2025-10-24,3383.0,82.0,11.0,0.0,0.0,0.0,0.0,actual
55세 ~ 64세,여성,2025-10-25,1439.0,18.0,1.0,0.0,0.0,0.0,0.0,actual
55세 ~ 64세,여성,2025-10-28,1148.0,31.0,2.0,0.0,0.0,0.0,0.0,actual
55세 ~ 64세,여성,2025-11-01,20762.0,293.0,22.0,0.0,0.0,0.0,0.0,actual
55세 ~ 64세,여성,2025-11-02,6056.0,58.0,6.0,0.0,0.0,0.0,0.0,actual
55세 ~ 64세,여성,2025-11-03,13232.0,178.0,10.0,0.0,0.0,0.0,0.0,actual
55세 ~ 64세,여성,2025-11-04,16547.0,194.0,11.0,0.0,0.0,0.0,0.0,actual
55세 ~ 64세,여성,2025-11-05,8980.0,128.0,11.0,0.0,0.0,0.0,0.0,actual
55세 ~ 64세,여성,2025-11-06,9084.0,134.0,8.0,0.0,0.0,0.0,0.0,actual
55세 ~ 64세,여성,2025-11-07,6659.0,132.0,13.0,0.0,0.0,0.0,0.0,actual
55세 ~ 64세,여성,2025-11-08,5713.0,99.0,10.0,0.0,0.0,0.0,0.0,actual
55세 ~ 64세,여성,2025-11-09,6838.0,139.0,6.0,0.0,0.0,0.0,0.0,actual
55세 ~ 64세,여성,2025-11-17,15856.0,262.0,18.0,0.0,0.0,0.0,0.0,actual
55세 ~ 64세,여성,2025-11-18,12964.0,227.0,17.0,0.0,0.0,0.0,0.0,actual
55세 ~ 64세,여성,2025-11-19,11904.0,223.0,20.0,0.0,0.0,0.0,0.0,actual
55세 ~ 64세,여성,2025-11-20,10931.0,181.0,17.0,1.0,174300.0,1594.5476168694538,10931.0,actual
55세 ~ 64세,여성,2025-11-21,11342.0,175.0,16.0,0.0,0.0,0.0,0.0,actual
55세 ~ 64세,여성,2025-11-22,8576.0,180.0,18.0,0.0,0.0,0.0,0.0,actual
55세 ~ 64세,여성,2025-11-23,14118.0,307.0,37.0,1.0,41300.0,292.53435330783395,14118.0,actual
55세 ~ 64세,여성,2025-11-24,10424.0,201.0,12.0,1.0,238400.0,2287.0299309286265,10424.0,actual
55세 ~ 64세,여성,2025-11-25,7899.0,156.0,8.0,0.0,0.0,0.0,0.0,actual
55세 ~ 64세,여성,2025-11-26,8804.0,185.0,8.0,0.0,0.0,0.0,0.0,actual
55세 ~ 64세,여성,2025-11-27,6550.0,159.0,10.0,0.0,0.0,0.0,0.0,actual
55세 ~ 64세,여성,2025-11-28,9291.0,188.0,14.0,0.0,0.0,0.0,0.0,actual
55세 ~ 64세,여성,2025-11-29,7744.0,248.0,14.0,0.0,0.0,0.0,0.0,actual
55세 ~ 64세,여성,2025-11-30,9358.0,271.0,21.0,0.0,0.0,0.0,0.0,actual
55세 ~ 64세,여성,2025-12-01,9743.0,297.0,19.0,0.0,0.0,0.0,0.0,actual
55세 ~ 64세,여성,2025-12-02,10120.0,325.0,17.0,0.0,0.0,0.0,0.0,actual
55세 ~ 64세,여성,2025-12-03,3735.0,138.0,11.0,0.0,0.0,0.0,0.0,actual
55세 ~ 64세,여성,2025-12-04,6739.55517002732,233.58053254917508,16.587648650794552,0.9785300957505512,121782.0914861573,1806.9752144437693,6887.42758071018,forecast
55세 ~ 64세,여성,2025-12-05,6503.459428934795,235.22352300060192,17.73812203149948,0.9785515412742593,103485.65070297016,1591.2400443761994,6646.006014630625,forecast
55세 ~ 64세,여성,2025-12-06,5964.285578247684,232.0739944955362,16.427260501285247,0.9842656094917099,176787.04534321363,2964.0942410264993,6059.630165609193,forecast
55세 ~ 64세,여성,2025-12-07,5751.463455853255,237.06511304266618,16.604545973538375,1.946991725161697,128315.3454105907,2231.00340279489,2954.0256291410783,forecast
55세 ~ 64세,여성,2025-12-08,5674.433732281109,229.15798980158343,16.020142706292983,0.9721230868042599,143748.16136920155,2533.2600247217115,5837.155612603689,forecast
55세 ~ 64세,여성,2025-12-09,5260.885317895452,227.2448905601659,15.931355566547143,0.9621316110194077,122533.34032613039,2329.139164264243,5467.947687865057,forecast
55세 ~ 64세,여성,2025-12-10,5683.858255186688,234.9503888971657,17.539128854338706,1.2132756117056487,187224.92549262982,3293.9759770008613,4684.721427142345,forecast
55세 ~ 64세,여성,2025-12-11,5206.217196148741,233.59384622847884,17.223724937007866,0.9771013578993177,123017.67705391494,2362.899441554538,5328.226344236848,forecast
55세 ~ 64세,여성,2025-12-12,5160.003990854807,235.05833652631893,18.46561474497299,0.9771228034257573,104721.2362705069,2029.479753428616,5280.8142157403545,forecast
55세 ~ 64세,여성,2025-12-13,4813.302602012369,231.79871723658488,17.224427488938176,0.982836871643768,178022.6309106868,3698.5547269822227,4897.35656127985,forecast
55세 ~ 64세,여성,2025-12-14,4791.499873773327,236.7121764752338,17.44494276654622,1.945562987313057,129550.93097826943,2703.765718274923,2462.7832175151957,forecast
55세 ~ 64세,여성,2025-12-15,4900.212724571451,228.72512006243485,16.873563000893867,0.9706943489539992,144983.7469367641,2958.723530710469,5048.15210869603,forecast
55세 ~ 64세,여성,2025-12-16,4663.614068979975,226.69772433832622,16.764891346629483,0.9607028731703253,123768.92589374777,2653.927277494866,4854.377143257644,forecast
55세 ~ 64세,여성,2025-12-17,5251.614095821132,234.22632216600113,18.318317248499188,1.211846873857522,188460.51106013852,3588.6207101565637,4333.562440198669,forecast
55세 ~ 64세,여성,2025-12-18,4924.400110004054,232.60696764846216,17.91374676366688,0.9756726200516238,124253.26262168917,2523.216226262063,5047.18489460481,forecast
55세 ~ 64세,여성,2025-12-19,5011.841926256735,233.70526454423577,19.0325085880777,0.9756940655771679,105956.82183792011,2114.1293639533756,5136.694075608629,forecast
55세 ~ 64세,여성,2025-12-20,4780.394883287323,229.965132890083,17.636283079753255,0.981408133795826,179258.21647816,3749.862110865827,4870.955027444113,forecast
55세 ~ 64세,여성,2025-12-21,4854.383278042194,234.27982342399486,17.67303840987861,1.9441342494641047,130786.51654577981,2694.194278753508,2496.938305253504,forecast
55세 ~ 64세,여성,2025-12-22,5038.934492932378,225.57902995444508,16.893413734196685,0.9692656111062622,146219.33250429446,2901.7907001843755,5198.713784120781,forecast
55세 ~ 64세,여성,2025-12-23,4858.296257877995,222.73341961845858,16.557177388065195,0.9592741353212427,125004.51146136512,2573.011295032974,5064.554624159698,forecast
55세 ~ 64세,여성,2025-12-24,5482.994234844552,229.3567499587441,17.869665980035048,1.2104181360074482,189696.09662781056,3459.717236656709,4529.834832886883,forecast
55세 ~ 64세,여성,2025-12-25,5174.334094918931,226.76892729890437,17.21734589232895,0.9742438822021182,125488.84818925215,2425.217349464912,5311.128136851318,forecast
55세 ~ 64세,여성,2025-12-26,5263.756408053474,226.86510745928646,18.088533097240855,0.9742653277274997,107192.40740564441,2036.424163581003,5402.795581703937,forecast
55세 ~ 64세,여성,2025-12-27,5019.678073221727,222.1235359680681,16.452123975572533,0.9799793959475109,180493.8020457764,3595.724654308996,5122.228175387667,forecast
55세 ~ 64세,여성,2025-12-28,5068.705024065974,225.47546588660992,16.263326927624306,1.9427055116151526,132022.1021132902,2604.651513285059,2609.0959199739364,forecast
55세 ~ 64세,여성,2025-12-29,5218.488636728098,215.89103692640882,15.279840432897238,0.9678368732560014,147454.918071857,2825.6249718368404,5391.909298900789,forecast
55세 ~ 64세,여성,2025-12-30,4995.960590723016,212.28247332862992,14.768111267150383,0.9578453974715755,126240.09702877484,2526.843331454409,5215.831911820898,forecast
55세 ~ 64세,여성,2025-12-31,5574.405768038143,218.30480984074472,15.939584240082178,1.2089893981573743,190931.6821954826,3425.1486192523644,4610.79789163918,forecast
55세 ~ 64세,여성,2026-01-01,5217.879778401239,215.31754235661,15.186090084473937,0.9728151443543404,126724.43375662045,2428.657599226038,5363.690942398268,forecast
55세 ~ 64세,여성,2026-01-02,5260.481801225188,215.25234679818917,16.000412025719548,0.9728365898801639,108427.99297299361,2061.179889411276,5407.364254127392,forecast
19세 ~ 24세,여성,2025-10-24,2213.0,277.0,5.0,0.0,0.0,0.0,0.0,actual
19세 ~ 24세,여성,2025-10-25,432.0,62.0,1.0,0.0,0.0,0.0,0.0,actual
19세 ~ 24세,여성,2025-10-28,3508.0,394.0,9.0,0.0,0.0,0.0,0.0,actual
19세 ~ 24세,여성,2025-11-01,3768.0,370.0,4.0,0.0,0.0,0.0,0.0,actual
19세 ~ 24세,여성,2025-11-02,828.0,110.0,2.0,0.0,0.0,0.0,0.0,actual
19세 ~ 24세,여성,2025-11-03,1217.0,101.0,2.0,0.0,0.0,0.0,0.0,actual
19세 ~ 24세,여성,2025-11-04,1087.0,79.0,1.0,0.0,0.0,0.0,0.0,actual
19세 ~ 24세,여성,2025-11-05,1211.0,81.0,1.0,0.0,0.0,0.0,0.0,actual
19세 ~ 24세,여성,2025-11-06,915.0,89.0,2.0,0.0,0.0,0.0,0.0,actual
19세 ~ 24세,여성,2025-11-07,1056.0,87.0,2.0,0.0,0.0,0.0,0.0,actual
19세 ~ 24세,여성,2025-11-08,906.0,57.0,3.0,0.0,0.0,0.0,0.0,actual
19세 ~ 24세,여성,2025-11-09,957.0,49.0,1.0,0.0,0.0,0.0,0.0,actual
19세 ~ 24세,여성,2025-11-11,0.0,0.0,0.0,0.0,0.0,0.0,0.0,actual
19세 ~ 24세,여성,2025-11-17,1448.0,118.0,4.0,0.0,0.0,0.0,0.0,actual
19세 ~ 24세,여성,2025-11-18,1464.0,122.0,1.0,0.0,0.0,0.0,0.0,actual
19세 ~ 24세,여성,2025-11-19,1530.0,90.0,7.0,1.0,117000.0,7647.058823529412,1530.0,actual
19세 ~ 24세,여성,2025-11-20,570.0,48.0,2.0,0.0,0.0,0.0,0.0,actual
19세 ~ 24세,여성,2025-11-21,1423.0,48.0,0.0,0.0,0.0,0.0,0.0,actual
19세 ~ 24세,여성,2025-11-22,209.0,25.0,1.0,0.0,0.0,0.0,0.0,actual
19세 ~ 24세,여성,2025-11-23,677.0,61.0,2.0,0.0,0.0,0.0,0.0,actual
19세 ~ 24세,여성,2025-11-24,579.0,40.0,0.0,0.0,0.0,0.0,0.0,actual
19세 ~ 24세,여성,2025-11-25,767.0,65.0,0.0,0.0,0.0,0.0,0.0,actual
19세 ~ 24세,여성,2025-11-26,705.0,68.0,1.0,0.0,0.0,0.0,0.0,actual
19세 ~ 24세,여성,2025-11-27,490.0,46.0,1.0,0.0,0.0,0.0,0.0,actual
19세 ~ 24세,여성,2025-11-28,575.0,57.0,3.0,1.0,44300.0,7704.347826086956,575.0,actual
19세 ~ 24세,여성,2025-11-29,797.0,57.0,2.0,0.0,0.0,0.0,0.0,actual
19세 ~ 24세,여성,2025-11-30,1439.0,96.0,9.0,0.0,0.0,0.0,0.0,actual
19세 ~ 24세,여성,2025-12-01,1062.0,98.0,1.0,0.0,0.0,0.0,0.0,actual
19세 ~ 24세,여성,2025-12-02,1178.0,131.0,1.0,0.0,0.0,0.0,0.0,actual
19세 ~ 24세,여성,2025-12-03,368.0,52.0,0.0,0.0,0.0,0.0,0.0,actual
19세 ~ 24세,여성,2025-12-04,839.3693679485605,65.18089961724672,0.0,0.0,0.0,0.0,0.0,forecast
19세 ~ 24세,여성,2025-12-05,1054.0312893435685,97.19317987553222,0.0,0.0,0.0,0.0,0.0,forecast
19세 ~ 24세,여성,2025-12-06,1185.94163504487,118.75900648737729,0.0,0.9793533280752751,43857.35036402733,3698.1036054415936,1210.94359006836,forecast
19세 ~ 24세,여성,2025-12-07,1451.303668901688,162.47632525015683,2.44419888189504,0.9813501235546653,64098.03246836779,4416.583092970174,1478.884685564361,forecast
19세 ~ 24세,여성,2025-12-08,849.1612193182664,65.39906549337411,3.4527163748206897,0.9835176823341429,107264.80020396318,12631.853382338724,863.3919192006657,forecast
19세 ~ 24세,여성,2025-12-09,1069.0179392204818,65.27794823690556,0.0,1.4786278494704947,52877.08917752456,4946.323839624436,722.9797136604071,forecast
19세 ~ 24세,여성,2025-12-10,1657.4694004734702,193.95896106180385,0.0,0.9890096274117002,68763.67482335745,4148.7145888614605,1675.888034387664,forecast
19세 ~ 24세,여성,2025-12-11,1603.9309813447635,163.6966052173251,0.0,0.0,0.0,0.0,0.0,forecast
19세 ~ 24세,여성,2025-12-12,1949.960258573181,220.205840884782,0.0,0.0,0.0,0.0,0.0,forecast
19세 ~ 24세,여성,2025-12-13,2206.4408162011714,266.2121840908701,0.0,0.978687548472368,42310.936708406975,1917.6103160226028,2254.48951470283,forecast
19세 ~ 24세,여성,2025-12-14,2586.4481951873345,333.6802417409466,0.2160155856943704,0.9806843439523463,62551.61881257382,2418.4369487455847,2637.391135218343,forecast
19세 ~ 24세,여성,2025-12-15,2086.074007737253,259.03226393003126,1.224533078615404,0.9828519027291702,105718.38654820595,5067.815722553286,2122.4703355049423,forecast
19세 ~ 24세,여성,2025-12-16,2392.119261695741,279.4057382643779,0.0,1.477962069866597,51330.67552169042,2145.8242631808753,1618.5254753605802,forecast
19세 ~ 24세,여성,2025-12-17,3048.7937450881595,426.06816330887614,0.0,0.9883438478066897,67217.26116742243,2204.7165793263184,3084.7500612807717,forecast
19세 ~ 24세,여성,2025-12-18,3043.5028405670223,410.7456852568138,0.0,0.0,0.0,0.0,0.0,forecast
19세 ~ 24세,여성,2025-12-19,3416.2191379265764,478.68912983322804,0.0,0.0,0.0,0.0,0.0,forecast
19세 ~ 24세,여성,2025-12-20,3676.7046885954996,532.236526598891,0.0,0.9780217688692726,40764.52305253521,1108.7244286705888,3759.328069810015,forecast
19세 ~ 24세,여성,2025-12-21,4037.4038545608714,603.0521023186777,0.0,0.9800185643483565,61005.20515673583,1511.0008152347955,4119.721810826574,forecast
19세 ~ 24세,여성,2025-12-22,3494.2823139773805,527.3530668717322,0.0,0.9821861231260437,104171.97289236932,2981.212264265939,3557.657995468299,forecast
19세 ~ 24세,여성,2025-12-23,3734.5231216657735,542.1730209836811,0.0,1.4772962902633426,49784.26186593138,1333.0821699056787,2527.9445608030724,forecast
19세 ~ 24세,여성,2025-12-24,4303.216837918979,678.7799920542501,0.0,0.9876780682016792,65670.84751148745,1526.087343143174,4356.902290798141,forecast
19세 ~ 24세,여성,2025-12-25,4189.12755727621,649.0057186411489,0.0,0.0,0.0,0.0,0.0,forecast
19세 ~ 24세,여성,2025-12-26,4434.032945802245,698.3097201536414,0.0,0.0,0.0,0.0,0.0,forecast
19세 ~ 24세,여성,2025-12-27,4549.90512307469,729.3373206038331,0.0,0.9773559892661774,39218.10939666347,861.954443792029,4655.320244664249,forecast
19세 ~ 24세,여성,2025-12-28,4751.753552660966,774.1517391187488,0.0,0.9793527847442313,59458.791501066065,1251.3020896836988,4851.932446285879,forecast
19세 ~ 24세,여성,2025-12-29,4038.4068958480075,669.451766669139,0.0,0.9815203435220521,102625.55923663599,2541.2387083170847,4114.440339928905,forecast
19세 ~ 24세,여성,2025-12-30,4100.146258984874,652.8241082582327,0.0,1.4766305106600885,48237.84821017237,1176.490914304975,2776.6907356885185,forecast
19세 ~ 24세,여성,2025-12-31,4485.328475434237,756.1486934895196,0.0,0.9870122886028794,64124.43385610731,1429.6485576766872,4544.349170954336,forecast
19세 ~ 24세,여성,2026-01-01,4186.082931407884,691.9139109750167,0.0,0.0,0.0,0.0,0.0,forecast
19세 ~ 24세,여성,2026-01-02,4247.581726396627,706.2656669561896,0.0,0.0,0.0,0.0,0.0,forecast
35세 ~ 44세,남성,2025-10-23,1368.0,132.0,0.0,0.0,0.0,0.0,0.0,actual
35세 ~ 44세,남성,2025-10-24,2391.0,238.0,3.0,0.0,0.0,0.0,0.0,actual
35세 ~ 44세,남성,2025-10-25,132.0,29.0,1.0,0.0,0.0,0.0,0.0,actual
35세 ~ 44세,남성,2025-10-28,890.0,91.0,0.0,0.0,0.0,0.0,0.0,actual
35세 ~ 44세,남성,2025-11-01,2218.0,122.0,1.0,0.0,0.0,0.0,0.0,actual
35세 ~ 44세,남성,2025-11-02,303.0,38.0,2.0,0.0,0.0,0.0,0.0,actual
35세 ~ 44세,남성,2025-11-03,833.0,50.0,1.0,0.0,0.0,0.0,0.0,actual
35세 ~ 44세,남성,2025-11-04,1207.0,34.0,2.0,0.0,0.0,0.0,0.0,actual
35세 ~ 44세,남성,2025-11-05,222.0,21.0,1.0,0.0,0.0,0.0,0.0,actual
35세 ~ 44세,남성,2025-11-06,420.0,33.0,2.0,0.0,0.0,0.0,0.0,actual
35세 ~ 44세,남성,2025-11-07,543.0,21.0,0.0,0.0,0.0,0.0,0.0,actual
35세 ~ 44세,남성,2025-11-08,194.0,24.0,0.0,0.0,0.0,0.0,0.0,actual
35세 ~ 44세,남성,2025-11-09,475.0,24.0,2.0,0.0,0.0,0.0,0.0,actual
35세 ~ 44세,남성,2025-11-17,1192.0,44.0,1.0,0.0,0.0,0.0,0.0,actual
35세 ~ 44세,남성,2025-11-18,1257.0,57.0,7.0,0.0,0.0,0.0,0.0,actual
35세 ~ 44세,남성,2025-11-19,1081.0,39.0,4.0,0.0,0.0,0.0,0.0,actual
35세 ~ 44세,남성,2025-11-20,870.0,46.0,1.0,0.0,0.0,0.0,0.0,actual
35세 ~ 44세,남성,2025-11-21,1057.0,36.0,3.0,0.0,0.0,0.0,0.0,actual
35세 ~ 44세,남성,2025-11-22,254.0,20.0,0.0,0.0,0.0,0.0,0.0,actual
35세 ~ 44세,남성,2025-11-23,768.0,46.0,4.0,0.0,0.0,0.0,0.0,actual
35세 ~ 44세,남성,2025-11-24,771.0,35.0,2.0,1.0,38300.0,4967.57457846952,771.0,actual
35세 ~ 44세,남성,2025-11-25,285.0,26.0,0.0,0.0,0.0,0.0,0.0,actual
35세 ~ 44세,남성,2025-11-26,791.0,50.0,4.0,0.0,0.0,0.0,0.0,actual
35세 ~ 44세,남성,2025-11-27,1113.0,51.0,0.0,0.0,0.0,0.0,0.0,actual
35세 ~ 44세,남성,2025-11-28,1588.0,62.0,4.0,0.0,0.0,0.0,0.0,actual
35세 ~ 44세,남성,2025-11-29,1753.0,63.0,4.0,0.0,0.0,0.0,0.0,actual
35세 ~ 44세,남성,2025-11-30,907.0,53.0,1.0,0.0,0.0,0.0,0.0,actual
35세 ~ 44세,남성,2025-12-01,1609.0,66.0,1.0,0.0,0.0,0.0,0.0,actual
35세 ~ 44세,남성,2025-12-02,1222.0,90.0,4.0,0.0,0.0,0.0,0.0,actual
35세 ~ 44세,남성,2025-12-03,553.0,41.0,2.0,0.0,0.0,0.0,0.0,actual
35세 ~ 44세,남성,2025-12-04,1121.1226165969097,86.87445207118998,3.437561164124707,,,,,forecast
35세 ~ 44세,남성,2025-12-05,1066.7722930016762,85.8005803355464,3.6248967760572555,,,,,forecast
35세 ~ 44세,남성,2025-12-06,1009.4588397265534,73.77615598103145,3.429509015748022,,,,,forecast
35세 ~ 44세,남성,2025-12-07,961.5392994055289,73.69235082433613,4.140364078453231,,,,,forecast
35세 ~ 44세,남성,2025-12-08,877.6440781562312,66.92361687709015,2.759821181779576,,,,,forecast
35세 ~ 44세,남성,2025-12-09,926.7827140138086,75.35721354481261,4.186598275027365,,,,,forecast
35세 ~ 44세,남성,2025-12-10,956.2086214181413,76.14257862354498,4.098291677913203,,,,,forecast
35세 ~ 44세,남성,2025-12-11,962.5434028420325,74.6032772089577,3.563553514072675,,,,,forecast
35세 ~ 44세,남성,2025-12-12,935.2892370536749,74.22187285541405,3.858336541112011,,,,,forecast
35세 ~ 44세,남성,2025-12-13,911.8031392351189,63.89037412226706,3.790436036677098,,,,,forecast
35세 ~ 44세,남성,2025-12-14,902.9837049798548,66.41475209859217,4.644154920709304,,,,,forecast
35세 ~ 44세,남성,2025-12-15,861.8223320464758,63.0512818039603,3.4163882910139773,,,,,forecast
35세 ~ 44세,남성,2025-12-16,955.5640557762881,75.54015621436963,4.9997473196705835,,,,,forecast
35세 ~ 44세,남성,2025-12-17,1029.6312973093877,80.85986466739448,5.065262735978671,,,,,forecast
35세 ~ 44세,남성,2025-12-18,1078.8093015775205,84.14491513767759,4.674766704599186,,,,,forecast
35세 ~ 44세,남성,2025-12-19,1090.8198952132695,88.6770666422805,5.097356894041203,,,,,forecast
35세 ~ 44세,남성,2025-12-20,1101.3554710849035,83.14252869724488,5.134165999367724,,,,,forecast
35세 ~ 44세,남성,2025-12-21,1119.821970277641,90.14341493322195,6.063256096119458,,,,,forecast
35세 ~ 44세,남성,2025-12-22,1097.9411165243916,90.74098925133362,4.875926988558586,,,,,forecast
35세 ~ 44세,남성,2025-12-23,1201.9554545955975,106.49593915617474,6.460051481950271,,,,,forecast
35세 ~ 44세,남성,2025-12-24,1276.5881093731898,114.22896073649451,6.482970993140967,,,,,forecast
35세 ~ 44세,남성,2025-12-25,1316.25490383276,118.94404057113461,6.00404391159827,,,,,forecast
35세 ~ 44세,남성,2025-12-26,1308.6546054044895,123.8244255358949,6.291244723593579,,,,,forecast
35세 ~ 44세,남성,2025-12-27,1289.8086510998412,117.49358638750545,6.146032179935142,,,,,forecast
35세 ~ 44세,남성,2025-12-28,1269.7988875287488,122.5293400280771,6.848301864256747,,,,,forecast
35세 ~ 44세,남성,2025-12-29,1201.353675494797,120.0085792155865,5.392709406847658,,,,,forecast
35세 ~ 44세,남성,2025-12-30,1252.026332769007,131.54779012540672,6.671975566431876,,,,,forecast
35세 ~ 44세,남성,2025-12-31,1268.1185695804563,134.0626251282894,6.359706172388975,,,,,forecast
35세 ~ 44세,남성,2026-01-01,1245.8475875473378,132.6889367350827,5.522820241851502,,,,,forecast
35세 ~ 44세,남성,2026-01-02,1174.8839088706093,130.77532165735443,5.437986510736467,,,,,forecast
19세 ~ 24세,남성,2025-10-23,333.0,122.0,1.0,0.0,0.0,0.0,0.0,actual
19세 ~ 24세,남성,2025-10-24,119.0,31.0,1.0,0.0,0.0,0.0,0.0,actual
19세 ~ 24세,남성,2025-10-25,17.0,5.0,0.0,0.0,0.0,0.0,0.0,actual
19세 ~ 24세,남성,2025-10-28,122.0,22.0,0.0,0.0,0.0,0.0,0.0,actual
19세 ~ 24세,남성,2025-11-01,585.0,119.0,3.0,0.0,0.0,0.0,0.0,actual
19세 ~ 24세,남성,2025-11-02,121.0,35.0,0.0,0.0,0.0,0.0,0.0,actual
19세 ~ 24세,남성,2025-11-03,333.0,31.0,4.0,0.0,0.0,0.0,0.0,actual
19세 ~ 24세,남성,2025-11-04,109.0,17.0,1.0,0.0,0.0,0.0,0.0,actual
19세 ~ 24세,남성,2025-11-05,107.0,27.0,0.0,0.0,0.0,0.0,0.0,actual
19세 ~ 24세,남성,2025-11-06,299.0,54.0,0.0,0.0,0.0,0.0,0.0,actual
19세 ~ 24세,남성,2025-11-07,176.0,25.0,0.0,0.0,0.0,0.0,0.0,actual
19세 ~ 24세,남성,2025-11-08,236.0,29.0,2.0,0.0,0.0,0.0,0.0,actual
19세 ~ 24세,남성,2025-11-09,141.0,26.0,1.0,0.0,0.0,0.0,0.0,actual
19세 ~ 24세,남성,2025-11-17,263.0,23.0,1.0,0.0,0.0,0.0,0.0,actual
19세 ~ 24세,남성,2025-11-18,140.0,23.0,0.0,0.0,0.0,0.0,0.0,actual
19세 ~ 24세,남성,2025-11-19,136.0,15.0,0.0,0.0,0.0,0.0,0.0,actual
19세 ~ 24세,남성,2025-11-20,243.0,18.0,0.0,0.0,0.0,0.0,0.0,actual
19세 ~ 24세,남성,2025-11-21,131.0,15.0,0.0,0.0,0.0,0.0,0.0,actual
19세 ~ 24세,남성,2025-11-22,281.0,7.0,2.0,0.0,0.0,0.0,0.0,actual
19세 ~ 24세,남성,2025-11-23,63.0,7.0,2.0,0.0,0.0,0.0,0.0,actual
19세 ~ 24세,남성,2025-11-24,80.0,15.0,0.0,0.0,0.0,0.0,0.0,actual
19세 ~ 24세,남성,2025-11-25,85.0,11.0,1.0,0.0,0.0,0.0,0.0,actual
19세 ~ 24세,남성,2025-11-26,169.0,29.0,2.0,0.0,0.0,0.0,0.0,actual
19세 ~ 24세,남성,2025-11-27,379.0,20.0,2.0,0.0,0.0,0.0,0.0,actual
19세 ~ 24세,남성,2025-11-28,1155.0,30.0,0.0,0.0,0.0,0.0,0.0,actual
19세 ~ 24세,남성,2025-11-29,342.0,16.0,1.0,0.0,0.0,0.0,0.0,actual
19세 ~ 24세,남성,2025-11-30,657.0,34.0,0.0,0.0,0.0,0.0,0.0,actual
19세 ~ 24세,남성,2025-12-01,399.0,36.0,2.0,1.0,100500.0,25187.96992481203,399.0,actual
19세 ~ 24세,남성,2025-12-02,415.0,46.0,0.0,0.0,0.0,0.0,0.0,actual
19세 ~ 24세,남성,2025-12-03,69.0,15.0,1.0,0.0,0.0,0.0,0.0,actual
19세 ~ 24세,남성,2025-12-04,279.93963646505256,8.009975519466963,2.882509352523812,,,,,forecast
19세 ~ 24세,남성,2025-12-05,347.75820447040047,0.858164704947157,2.6288027289618787,,,,,forecast
19세 ~ 24세,남성,2025-12-06,223.3099668887594,0.0,2.477434151461011,,,,,forecast
19세 ~ 24세,남성,2025-12-07,230.56575010390713,0.0,2.9899416598663415,,,,,forecast
19세 ~ 24세,남성,2025-12-08,122.58939210504059,0.0,2.357284813373695,,,,,forecast
19세 ~ 24세,남성,2025-12-09,277.35780919836213,0.0,2.212392252970941,,,,,forecast
19세 ~ 24세,남성,2025-12-10,215.7128147770767,0.0,2.436209801551379,,,,,forecast
19세 ~ 24세,남성,2025-12-11,149.75032645069393,0.0,2.8052990369920243,,,,,forecast
19세 ~ 24세,남성,2025-12-12,233.26936785363773,0.0,2.551592413429364,,,,,forecast
19세 ~ 24세,남성,2025-12-13,129.87619408422438,0.0,2.4002238359279393,,,,,forecast
19세 ~ 24세,남성,2025-12-14,162.82074478659513,0.0,2.9127313443339133,,,,,forecast
19세 ~ 24세,남성,2025-12-15,84.28521275941523,0.0,2.2800744978405945,,,,,forecast
19세 ~ 24세,남성,2025-12-16,271.2326303508519,0.0,2.1351819374383134,,,,,forecast
19세 ~ 24세,남성,2025-12-17,243.3915126425171,0.0,2.3589994860186123,,,,,forecast
19세 ~ 24세,남성,2025-12-18,211.68117076508497,0.0,2.728088721459228,,,,,forecast
19세 ~ 24세,남성,2025-12-19,328.6989752684518,0.0,2.474382097896849,,,,,forecast
19세 ~ 24세,남성,2025-12-20,256.8637032189001,0.0,2.3230135203961715,,,,,forecast
19세 ~ 24세,남성,2025-12-21,318.29094557884304,0.0,2.8355210288013577,,,,,forecast
19세 ~ 24세,남성,2025-12-22,264.11914081100775,0.7834795793572766,2.2028641823074944,,,,,forecast
19세 ~ 24세,남성,2025-12-23,470.3929581754123,26.317831045660597,2.0579716219062907,,,,,forecast
19세 ~ 24세,남성,2025-12-24,456.0789703563735,21.133133018579286,2.2817891704876345,,,,,forecast
19세 ~ 24세,남성,2025-12-25,431.5172428162197,23.655246295669457,2.6508784059264334,,,,,forecast
19세 ~ 24세,남성,2025-12-26,548.9292777632892,29.48056795977581,2.39717178236552,,,,,forecast
19세 ~ 24세,남성,2025-12-27,470.57577447858245,34.707574675846104,2.245803204863752,,,,,forecast
19세 ~ 24세,남성,2025-12-28,518.639701783185,45.347728863115684,2.7583107132686764,,,,,forecast
19세 ~ 24세,남성,2025-12-29,444.55297416067367,45.88420125962585,2.125653866774589,,,,,forecast
19세 ~ 24세,남성,2025-12-30,624.873395908773,66.98066535012397,1.9807613063736635,,,,,forecast
19세 ~ 24세,남성,2025-12-31,579.2869715781176,56.02503734818882,2.2045788549548684,,,,,forecast
19세 ~ 24세,남성,2026-01-01,519.0395822079563,51.600229648230545,2.5736680903939524,,,,,forecast
19세 ~ 24세,남성,2026-01-02,597.4190400688261,49.49824497073479,2.3199614668330057,,,,,forecast
55세 ~ 64세,남성,2025-10-23,266.0,44.0,0.0,0.0,0.0,0.0,0.0,actual
55세 ~ 64세,남성,2025-10-24,51.0,15.0,0.0,0.0,0.0,0.0,0.0,actual
55세 ~ 64세,남성,2025-10-25,44.0,2.0,0.0,0.0,0.0,0.0,0.0,actual
55세 ~ 64세,남성,2025-10-28,12.0,2.0,0.0,0.0,0.0,0.0,0.0,actual
55세 ~ 64세,남성,2025-11-01,1153.0,25.0,0.0,0.0,0.0,0.0,0.0,actual
55세 ~ 64세,남성,2025-11-02,77.0,8.0,1.0,0.0,0.0,0.0,0.0,actual
55세 ~ 64세,남성,2025-11-03,399.0,33.0,4.0,0.0,0.0,0.0,0.0,actual
55세 ~ 64세,남성,2025-11-04,363.0,7.0,0.0,0.0,0.0,0.0,0.0,actual
55세 ~ 64세,남성,2025-11-05,443.0,14.0,0.0,0.0,0.0,0.0,0.0,actual
55세 ~ 64세,남성,2025-11-06,549.0,21.0,2.0,0.0,0.0,0.0,0.0,actual
55세 ~ 64세,남성,2025-11-07,1145.0,15.0,1.0,0.0,0.0,0.0,0.0,actual
55세 ~ 64세,남성,2025-11-08,141.0,13.0,2.0,0.0,0.0,0.0,0.0,actual
55세 ~ 64세,남성,2025-11-09,351.0,12.0,0.0,0.0,0.0,0.0,0.0,actual
55세 ~ 64세,남성,2025-11-17,658.0,20.0,1.0,0.0,0.0,0.0,0.0,actual
55세 ~ 64세,남성,2025-11-18,1139.0,26.0,3.0,0.0,0.0,0.0,0.0,actual
55세 ~ 64세,남성,2025-11-19,2304.0,31.0,6.0,0.0,0.0,0.0,0.0,actual
55세 ~ 64세,남성,2025-11-20,1751.0,30.0,1.0,0.0,0.0,0.0,0.0,actual
55세 ~ 64세,남성,2025-11-21,1239.0,30.0,1.0,0.0,0.0,0.0,0.0,actual
55세 ~ 64세,남성,2025-11-22,689.0,26.0,0.0,0.0,0.0,0.0,0.0,actual
55세 ~ 64세,남성,2025-11-23,1352.0,38.0,2.0,0.0,0.0,0.0,0.0,actual
55세 ~ 64세,남성,2025-11-24,802.0,24.0,0.0,0.0,0.0,0.0,0.0,actual
55세 ~ 64세,남성,2025-11-25,385.0,13.0,1.0,0.0,0.0,0.0,0.0,actual
55세 ~ 64세,남성,2025-11-26,685.0,30.0,1.0,0.0,0.0,0.0,0.0,actual
55세 ~ 64세,남성,2025-11-27,892.0,24.0,0.0,0.0,0.0,0.0,0.0,actual
55세 ~ 64세,남성,2025-11-28,1003.0,23.0,2.0,0.0,0.0,0.0,0.0,actual
55세 ~ 64세,남성,2025-11-29,747.0,32.0,1.0,0.0,0.0,0.0,0.0,actual
55세 ~ 64세,남성,2025-11-30,643.0,27.0,2.0,0.0,0.0,0.0,0.0,actual
55세 ~ 64세,남성,2025-12-01,1279.0,35.0,5.0,0.0,0.0,0.0,0.0,actual
55세 ~ 64세,남성,2025-12-02,685.0,53.0,3.0,0.0,0.0,0.0,0.0,actual
55세 ~ 64세,남성,2025-12-03,429.0,11.0,0.0,0.0,0.0,0.0,0.0,actual
55세 ~ 64세,남성,2025-12-04,1008.93720974207,39.57802449271353,1.2039282574432413,,,,,forecast
55세 ~ 64세,남성,2025-12-05,1017.461694146543,41.320529742603355,1.3471813430167427,,,,,forecast
55세 ~ 64세,남성,2025-12-06,1087.958218907807,44.05575031377238,1.6063219110058378,,,,,forecast
55세 ~ 64세,남성,2025-12-07,1142.246193670976,47.007539879814644,1.6584196448096309,,,,,forecast
55세 ~ 64세,남성,2025-12-08,1076.7967895211527,42.50173491620704,1.5813570632408127,,,,,forecast
55세 ~ 64세,남성,2025-12-09,1213.7509281705968,48.095997694673315,1.0332684311285028,,,,,forecast
55세 ~ 64세,남성,2025-12-10,1394.88457756416,56.68934114597604,1.1529430335645232,,,,,forecast
55세 ~ 64세,남성,2025-12-11,1463.216036135976,59.67523496567779,1.1752554987484287,,,,,forecast
55세 ~ 64세,남성,2025-12-12,1512.6050754021796,62.689249004587616,1.3185085843228013,,,,,forecast
55세 ~ 64세,남성,2025-12-13,1616.1298694512661,66.51124654932892,1.5776491523116087,,,,,forecast
55세 ~ 64세,남성,2025-12-14,1694.3979841142825,70.31538786423943,1.629746886114547,,,,,forecast
55세 ~ 64세,남성,2025-12-15,1642.8768035724527,66.3810604095878,1.5526843045459846,,,,,forecast
55세 ~ 64세,남성,2025-12-16,1782.9428732237525,72.22434147820827,1.0045956724336484,,,,,forecast
55세 ~ 64세,남성,2025-12-17,1955.872491724224,80.7090480617799,1.124270274869946,,,,,forecast
55세 ~ 64세,남성,2025-12-18,2004.4674549676488,83.20122402750701,1.1465827400534803,,,,,forecast
55세 ~ 64세,남성,2025-12-19,2022.6652254984751,85.31797488309006,1.2898358256281885,,,,,forecast
55세 ~ 64세,남성,2025-12-20,2083.9190614355807,87.83062193250097,1.5489763936173795,,,,,forecast
55세 ~ 64세,남성,2025-12-21,2109.5041977264445,89.91540164748616,1.6010741274202933,,,,,forecast
55세 ~ 64세,남성,2025-12-22,1995.8354988457213,83.86479949894945,1.5240115458527839,,,,,forecast
55세 ~ 64세,남성,2025-12-23,2065.4963250229775,87.21910510647517,0.9759229137387938,,,,,forecast
55세 ~ 64세,남성,2025-12-24,2161.2014243302137,92.87723358896119,1.095597516175791,,,,,forecast
55세 ~ 64세,남성,2025-12-25,2127.3884371479435,92.25066263820082,1.117909981359745,,,,,forecast
55세 ~ 64세,남성,2025-12-26,2059.7881568026664,91.01140453573262,1.261163066933576,,,,,forecast
55세 ~ 64세,남성,2025-12-27,2033.760114260615,89.9940032169908,1.520303634922054,,,,,forecast
55세 ~ 64세,남성,2025-12-28,1972.5507491470921,88.44480944342027,1.572401368725624,,,,,forecast
55세 ~ 64세,남성,2025-12-29,1774.5608594962746,78.73165880483047,1.4953387871578112,,,,,forecast
55세 ~ 64세,남성,2025-12-30,1764.323414560355,78.47358218971658,0.9472501550440937,,,,,forecast
55세 ~ 64세,남성,2025-12-31,1786.415917210527,80.64964252228543,1.0669247574812137,,,,,forecast
55세 ~ 64세,남성,2026-01-01,1687.003270541596,76.75080098423592,1.0892372226647964,,,,,forecast
55세 ~ 64세,남성,2026-01-02,1563.3626163974209,72.52578890931302,1.2324903082383813,,,,,forecast
45세 ~ 54세,남성,2025-10-23,2775.0,82.0,4.0,0.0,0.0,0.0,0.0,actual
45세 ~ 54세,남성,2025-10-24,1680.0,135.0,5.0,0.0,0.0,0.0,0.0,actual
45세 ~ 54세,남성,2025-10-25,768.0,22.0,5.0,0.0,0.0,0.0,0.0,actual
45세 ~ 54세,남성,2025-10-28,598.0,40.0,2.0,0.0,0.0,0.0,0.0,actual
45세 ~ 54세,남성,2025-11-01,1705.0,82.0,2.0,0.0,0.0,0.0,0.0,actual
45세 ~ 54세,남성,2025-11-02,439.0,12.0,0.0,0.0,0.0,0.0,0.0,actual
45세 ~ 54세,남성,2025-11-03,881.0,32.0,2.0,0.0,0.0,0.0,0.0,actual
45세 ~ 54세,남성,2025-11-04,1018.0,38.0,0.0,0.0,0.0,0.0,0.0,actual
45세 ~ 54세,남성,2025-11-05,849.0,29.0,1.0,0.0,0.0,0.0,0.0,actual
45세 ~ 54세,남성,2025-11-06,1197.0,33.0,2.0,0.0,0.0,0.0,0.0,actual
45세 ~ 54세,남성,2025-11-07,447.0,19.0,1.0,0.0,0.0,0.0,0.0,actual
45세 ~ 54세,남성,2025-11-08,312.0,15.0,1.0,0.0,0.0,0.0,0.0,actual
45세 ~ 54세,남성,2025-11-09,1702.0,32.0,0.0,0.0,0.0,0.0,0.0,actual
45세 ~ 54세,남성,2025-11-17,2414.0,52.0,1.0,0.0,0.0,0.0,0.0,actual
45세 ~ 54세,남성,2025-11-18,2771.0,62.0,4.0,0.0,0.0,0.0,0.0,actual
45세 ~ 54세,남성,2025-11-19,3500.0,49.0,4.0,0.0,0.0,0.0,0.0,actual
45세 ~ 54세,남성,2025-11-20,2540.0,43.0,3.0,0.0,0.0,0.0,0.0,actual
45세 ~ 54세,남성,2025-11-21,3688.0,52.0,3.0,0.0,0.0,0.0,0.0,actual
45세 ~ 54세,남성,2025-11-22,1550.0,40.0,3.0,0.0,0.0,0.0,0.0,actual
45세 ~ 54세,남성,2025-11-23,2659.0,83.0,5.0,0.0,0.0,0.0,0.0,actual
45세 ~ 54세,남성,2025-11-24,1931.0,44.0,2.0,0.0,0.0,0.0,0.0,actual
45세 ~ 54세,남성,2025-11-25,2006.0,40.0,2.0,0.0,0.0,0.0,0.0,actual
45세 ~ 54세,남성,2025-11-26,1908.0,45.0,0.0,0.0,0.0,0.0,0.0,actual
45세 ~ 54세,남성,2025-11-27,1416.0,49.0,0.0,0.0,0.0,0.0,0.0,actual
45세 ~ 54세,남성,2025-11-28,1098.0,29.0,1.0,0.0,0.0,0.0,0.0,actual
45세 ~ 54세,남성,2025-11-29,1140.0,50.0,1.0,0.0,0.0,0.0,0.0,actual
45세 ~ 54세,남성,2025-11-30,983.0,51.0,1.0,0.0,0.0,0.0,0.0,actual
45세 ~ 54세,남성,2025-12-01,1423.0,51.0,1.0,0.0,0.0,0.0,0.0,actual
45세 ~ 54세,남성,2025-12-02,1372.0,95.0,5.0,0.0,0.0,0.0,0.0,actual
45세 ~ 54세,남성,2025-12-03,605.0,32.0,2.0,0.0,0.0,0.0,0.0,actual
45세 ~ 54세,남성,2025-12-04,1456.4874030611486,61.38044839712096,3.0667008777237856,,,,,forecast
45세 ~ 54세,남성,2025-12-05,1381.5064775480757,63.90186392460072,2.655441315698675,,,,,forecast
45세 ~ 54세,남성,2025-12-06,1231.625506577874,59.52978944489852,2.4276887547425416,,,,,forecast
45세 ~ 54세,남성,2025-12-07,1296.877559300946,62.29687481026072,2.4678048393299648,,,,,forecast
45세 ~ 54세,남성,2025-12-08,1038.0974972301644,49.163207604573806,1.5110812254424724,,,,,forecast
45세 ~ 54세,남성,2025-12-09,1138.9091166775972,58.27041860949194,2.143478629763196,,,,,forecast
45세 ~ 54세,남성,2025-12-10,1381.8664018025354,63.005281825529586,2.537683765935763,,,,,forecast
45세 ~ 54세,남성,2025-12-11,1323.2597328568395,62.08877121880915,3.018091341848401,,,,,forecast
45세 ~ 54세,남성,2025-12-12,1331.3404960767264,66.90115719291718,2.6068317798224334,,,,,forecast
45세 ~ 54세,남성,2025-12-13,1266.002193959453,65.19513047568698,2.379079218864205,,,,,forecast
45세 ~ 54세,남성,2025-12-14,1414.7405331276896,70.90263207730982,2.4191953034533804,,,,,forecast
45세 ~ 54세,남성,2025-12-15,1235.8671290750483,60.87078024682333,1.4624716895660286,,,,,forecast
45세 ~ 54세,남성,2025-12-16,1410.5692444991769,73.11961914220001,2.094869093887151,,,,,forecast
45세 ~ 54세,남성,2025-12-17,1719.121565210861,80.90967038950994,2.4890742300589443,,,,,forecast
45세 ~ 54세,남성,2025-12-18,1715.7588481587281,82.83513043957683,2.969481805971445,,,,,forecast
45세 ~ 54세,남성,2025-12-19,1766.9609863780365,90.15317110901697,2.558222243946191,,,,,forecast
45세 ~ 54세,남성,2025-12-20,1731.1868506813223,90.50120273846328,2.3304696829888947,,,,,forecast
45세 ~ 54세,남성,2025-12-21,1894.8778588759578,97.70765151972458,2.370585767578841,,,,,forecast
45세 ~ 54세,남성,2025-12-22,1715.7046417213828,88.53151973867186,1.4138621536895848,,,,,forecast
45세 ~ 54세,남성,2025-12-23,1874.6482453017552,100.92334004172125,2.046259558011553,,,,,forecast
45세 ~ 54세,남성,2025-12-24,2152.2212181465175,108.09540326686708,2.440464694184367,,,,,forecast
45세 ~ 54세,남성,2025-12-25,2103.3371028151023,108.61701615825544,2.920872270094489,,,,,forecast
45세 ~ 54세,남성,2025-12-26,2095.5799123331003,113.74517743811143,2.509612708070984,,,,,forecast
45세 ~ 54세,남성,2025-12-27,1988.9103371603887,111.1424825642639,2.2818601471120714,,,,,forecast
45세 ~ 54세,남성,2025-12-28,2071.6303594437895,114.68778098525982,2.3219762317012416,,,,,forecast
45세 ~ 54세,남성,2025-12-29,1803.5806900148068,101.21484920142831,1.3652526178128257,,,,,forecast
45세 ~ 54세,남성,2025-12-30,1868.1638054876835,108.77170789314206,1.9976500221355091,,,,,forecast
45세 ~ 54세,남성,2025-12-31,2048.4995256898073,110.68850203288353,2.3918551583075485,,,,,forecast
45세 ~ 54세,남성,2026-01-01,1902.2234528821768,105.6697608790496,2.872262734218383,,,,,forecast
45세 ~ 54세,남성,2026-01-02,1799.6818143186124,105.12150646441238,2.461003172194742,,,,,forecast
